MCS,Cell_ID,Cell_TarVol,Cell_Vol,Cell_TarSur,Cell_Sur
0,0,27252.0,27254,0.0,6790.0
0,1,141.0,142,0.0,54.0
0,2,173.0,174,0.0,56.0
0,3,158.0,157,0.0,52.0
0,4,116.0,116,0.0,60.0
0,5,155.0,154,0.0,54.0
0,6,101.0,99,0.0,46.0
0,7,151.0,151,0.0,56.0
0,8,80.0,80,0.0,38.0
0,9,212.0,212,0.0,66.0
0,10,145.0,146,0.0,56.0
0,11,76.0,75,0.0,48.0
0,12,70.0,70,0.0,38.0
0,13,148.0,147,0.0,52.0
0,14,139.0,139,0.0,52.0
0,15,102.0,102,0.0,46.0
0,16,160.0,159,0.0,60.0
0,17,91.0,91,0.0,42.0
0,18,105.0,106,0.0,44.0
0,19,120.0,119,0.0,54.0
0,20,155.0,154,0.0,60.0
0,21,99.0,100,0.0,50.0
0,22,110.0,111,0.0,50.0
0,23,144.0,143,0.0,50.0
0,24,99.0,100,0.0,44.0
0,25,94.0,94,0.0,44.0
0,26,104.0,104,0.0,46.0
0,27,124.0,123,0.0,52.0
0,28,151.0,151,0.0,56.0
0,29,84.0,85,0.0,52.0
0,30,88.0,87,0.0,44.0
0,31,88.0,89,0.0,40.0
0,32,134.0,134,0.0,50.0
0,33,148.0,149,0.0,56.0
0,34,103.0,102,0.0,52.0
0,35,110.0,110,0.0,42.0
0,36,97.0,97,0.0,40.0
0,37,112.0,111,0.0,50.0
0,38,111.0,114,0.0,52.0
0,39,62.0,62,0.0,36.0
0,40,139.0,139,0.0,56.0
0,41,78.0,79,0.0,38.0
0,42,76.0,76,0.0,38.0
0,43,90.0,89,0.0,38.0
0,44,71.0,71,0.0,40.0
0,45,82.0,81,0.0,42.0
0,46,141.0,142,0.0,60.0
0,47,84.0,84,0.0,40.0
0,48,66.0,67,0.0,36.0
0,49,54.0,54,0.0,34.0
0,50,108.0,106,0.0,50.0
0,51,78.0,78,0.0,42.0
0,52,141.0,140,0.0,52.0
0,53,96.0,97,0.0,44.0
0,54,130.0,130,0.0,56.0
0,55,97.0,96,0.0,50.0
0,56,177.0,176,0.0,62.0
0,57,127.0,127,0.0,56.0
0,58,87.0,86,0.0,46.0
0,59,80.0,79,0.0,44.0
0,60,162.0,161,0.0,58.0
0,61,135.0,134,0.0,52.0
0,62,128.0,129,0.0,50.0
0,63,135.0,134,0.0,54.0
0,64,173.0,174,0.0,64.0
0,65,117.0,118,0.0,44.0
0,66,111.0,111,0.0,48.0
0,67,142.0,142,0.0,56.0
0,68,175.0,176,0.0,66.0
0,69,143.0,142,0.0,50.0
0,70,104.0,104,0.0,46.0
0,71,70.0,70,0.0,38.0
0,72,85.0,84,0.0,46.0
0,73,118.0,118,0.0,50.0
0,74,126.0,126,0.0,50.0
0,75,126.0,125,0.0,54.0
0,76,151.0,151,0.0,54.0
0,77,76.0,77,0.0,36.0
0,78,148.0,148,0.0,58.0
0,79,137.0,137,0.0,50.0
0,80,146.0,146,0.0,58.0
0,81,257.0,258,0.0,76.0
0,82,130.0,129,0.0,54.0
0,83,147.0,149,0.0,52.0
0,84,95.0,93,0.0,42.0
0,85,166.0,167,0.0,60.0
0,86,63.0,62,0.0,32.0
0,87,86.0,87,0.0,44.0
0,88,149.0,150,0.0,62.0
0,89,156.0,156,0.0,60.0
0,90,117.0,117,0.0,48.0
0,91,150.0,150,0.0,60.0
0,92,118.0,119,0.0,48.0
0,93,189.0,189,0.0,62.0
0,94,58.0,58,0.0,38.0
0,95,100.0,100,0.0,52.0
0,96,118.0,119,0.0,48.0
0,97,313.0,313,0.0,86.0
0,98,137.0,139,0.0,54.0
0,99,142.0,142,0.0,60.0
0,100,310.0,311,0.0,84.0
0,101,116.0,116,0.0,48.0
0,102,292.0,291,0.0,76.0
0,103,104.0,104,0.0,52.0
0,104,105.0,107,0.0,48.0
0,105,140.0,141,0.0,50.0
0,106,141.0,140,0.0,54.0
0,107,89.0,90,0.0,44.0
0,108,157.0,157,0.0,56.0
0,109,147.0,146,0.0,50.0
0,110,114.0,113,0.0,48.0
0,111,127.0,126,0.0,54.0
0,112,92.0,92,0.0,52.0
0,113,128.0,128,0.0,52.0
0,114,144.0,143,0.0,58.0
0,115,163.0,164,0.0,56.0
0,116,123.0,123,0.0,48.0
0,117,168.0,169,0.0,60.0
0,118,118.0,119,0.0,50.0
0,119,121.0,122,0.0,46.0
0,120,156.0,158,0.0,54.0
0,121,59.0,58,0.0,38.0
0,122,128.0,128,0.0,50.0
0,123,140.0,140,0.0,58.0
0,124,68.0,70,0.0,36.0
0,125,133.0,131,0.0,52.0
0,126,76.0,75,0.0,42.0
0,127,89.0,89,0.0,46.0
0,128,138.0,137,0.0,50.0
0,129,99.0,99,0.0,46.0
0,130,148.0,148,0.0,60.0
0,131,105.0,106,0.0,46.0
0,132,176.0,177,0.0,60.0
0,133,125.0,125,0.0,46.0
0,134,126.0,127,0.0,56.0
0,135,119.0,119,0.0,50.0
0,136,80.0,79,0.0,40.0
0,137,140.0,140,0.0,52.0
0,138,123.0,123,0.0,56.0
0,139,143.0,142,0.0,58.0
0,140,118.0,118,0.0,54.0
0,141,104.0,105,0.0,48.0
0,142,82.0,81,0.0,42.0
0,143,151.0,151,0.0,56.0
0,144,127.0,126,0.0,56.0
0,145,123.0,123,0.0,58.0
0,146,164.0,164,0.0,58.0
0,147,79.0,79,0.0,40.0
0,148,150.0,150,0.0,56.0
0,149,229.0,228,0.0,68.0
0,150,175.0,177,0.0,60.0
0,151,70.0,70,0.0,36.0
0,152,170.0,170,0.0,60.0
0,153,124.0,122,0.0,52.0
0,154,125.0,125,0.0,54.0
0,155,123.0,124,0.0,48.0
0,156,179.0,179,0.0,64.0
0,157,99.0,99,0.0,52.0
0,158,91.0,89,0.0,42.0
0,159,191.0,191,0.0,66.0
0,160,76.0,77,0.0,40.0
0,161,100.0,101,0.0,48.0
0,162,118.0,118,0.0,48.0
0,163,113.0,113,0.0,48.0
0,164,138.0,138,0.0,52.0
0,165,70.0,70,0.0,36.0
0,166,104.0,104,0.0,48.0
0,167,170.0,171,0.0,58.0
0,168,92.0,93,0.0,44.0
0,169,189.0,190,0.0,68.0
0,170,158.0,157,0.0,52.0
0,171,113.0,113,0.0,44.0
0,172,111.0,110,0.0,44.0
0,173,85.0,84,0.0,42.0
0,174,120.0,122,0.0,54.0
0,175,103.0,103,0.0,46.0
0,176,121.0,122,0.0,48.0
0,177,155.0,155,0.0,58.0
0,178,103.0,104,0.0,44.0
0,179,91.0,91,0.0,50.0
0,180,189.0,188,0.0,64.0
0,181,72.0,71,0.0,40.0
0,182,179.0,180,0.0,62.0
0,183,77.0,76,0.0,38.0
0,184,97.0,97,0.0,42.0
0,185,128.0,128,0.0,54.0
0,186,72.0,72,0.0,34.0
0,187,210.0,212,0.0,68.0
0,188,95.0,94,0.0,42.0
0,189,116.0,116,0.0,54.0
0,190,86.0,85,0.0,40.0
0,191,167.0,167,0.0,56.0
0,192,73.0,71,0.0,42.0
0,193,161.0,161,0.0,54.0
0,194,78.0,79,0.0,38.0
0,195,298.0,299,0.0,78.0
0,196,236.0,235,0.0,78.0
0,197,124.0,124,0.0,54.0
0,198,131.0,132,0.0,52.0
0,199,165.0,165,0.0,60.0
0,200,99.0,98,0.0,42.0
0,201,77.0,77,0.0,48.0
0,202,60.0,59,0.0,36.0
0,203,97.0,97,0.0,46.0
0,204,151.0,151,0.0,54.0
0,205,99.0,100,0.0,48.0
0,206,144.0,145,0.0,60.0
0,207,132.0,133,0.0,58.0
0,208,63.0,64,0.0,36.0
0,209,100.0,100,0.0,50.0
0,210,87.0,87,0.0,44.0
0,211,114.0,113,0.0,46.0
0,212,53.0,51,0.0,36.0
0,213,126.0,126,0.0,56.0
0,214,85.0,84,0.0,44.0
0,215,100.0,99,0.0,44.0
0,216,147.0,147,0.0,56.0
0,217,214.0,214,0.0,68.0
0,218,75.0,75,0.0,40.0
0,219,120.0,120,0.0,50.0
0,220,165.0,165,0.0,64.0
0,221,127.0,127,0.0,50.0
0,222,104.0,102,0.0,50.0
0,223,41.0,40,0.0,40.0
0,224,126.0,127,0.0,60.0
0,225,129.0,130,0.0,58.0
0,226,271.0,271,0.0,74.0
0,227,68.0,67,0.0,40.0
0,228,75.0,75,0.0,36.0
0,229,145.0,145,0.0,50.0
0,230,222.0,223,0.0,64.0
0,231,139.0,139,0.0,50.0
0,232,152.0,154,0.0,54.0
0,233,108.0,106,0.0,48.0
0,234,117.0,118,0.0,48.0
0,235,93.0,93,0.0,46.0
0,236,117.0,119,0.0,50.0
0,237,159.0,159,0.0,54.0
0,238,86.0,87,0.0,40.0
0,239,60.0,61,0.0,42.0
0,240,113.0,112,0.0,52.0
0,241,138.0,139,0.0,58.0
0,242,128.0,126,0.0,54.0
0,243,174.0,175,0.0,56.0
0,244,80.0,82,0.0,44.0
0,245,149.0,150,0.0,58.0
0,246,190.0,192,0.0,60.0
0,247,151.0,151,0.0,52.0
0,248,194.0,194,0.0,68.0
0,249,68.0,68,0.0,38.0
0,250,161.0,163,0.0,60.0
0,251,91.0,90,0.0,40.0
0,252,84.0,83,0.0,40.0
0,253,96.0,95,0.0,46.0
0,254,140.0,141,0.0,58.0
0,255,149.0,147,0.0,58.0
0,256,200.0,200,0.0,74.0
0,257,111.0,110,0.0,50.0
0,258,98.0,99,0.0,44.0
0,259,142.0,142,0.0,60.0
0,260,100.0,101,0.0,42.0
0,261,96.0,95,0.0,44.0
0,262,100.0,100,0.0,42.0
0,263,113.0,114,0.0,46.0
0,264,51.0,50,0.0,30.0
0,265,50.0,49,0.0,38.0
0,266,206.0,207,0.0,62.0
0,267,155.0,155,0.0,60.0
0,268,96.0,96,0.0,40.0
0,269,90.0,89,0.0,42.0
0,270,109.0,110,0.0,56.0
0,271,310.0,309,0.0,82.0
0,272,26.0,24,0.0,26.0
0,273,170.0,170,0.0,60.0
0,274,126.0,125,0.0,50.0
0,275,83.0,84,0.0,40.0
0,276,76.0,74,0.0,42.0
0,277,87.0,87,0.0,46.0
0,278,130.0,129,0.0,54.0
0,279,165.0,165,0.0,62.0
0,280,120.0,120,0.0,48.0
0,281,125.0,125,0.0,48.0
0,282,88.0,89,0.0,42.0
0,283,173.0,174,0.0,64.0
0,284,97.0,96,0.0,46.0
0,285,73.0,73,0.0,40.0
0,286,120.0,122,0.0,54.0
0,287,140.0,139,0.0,50.0
0,288,467.0,467,0.0,104.0
0,289,103.0,103,0.0,48.0
0,290,120.0,119,0.0,54.0
0,291,105.0,104,0.0,50.0
0,292,299.0,299,0.0,74.0
0,293,171.0,172,0.0,56.0
0,294,138.0,138,0.0,54.0
0,295,86.0,87,0.0,42.0
0,296,187.0,187,0.0,58.0
0,297,176.0,177,0.0,60.0
0,298,138.0,138,0.0,50.0
0,299,132.0,135,0.0,56.0
0,300,138.0,138,0.0,60.0
0,301,136.0,135,0.0,50.0
0,302,120.0,120,0.0,56.0
0,303,86.0,85,0.0,44.0
0,304,196.0,196,0.0,68.0
0,305,94.0,92,0.0,50.0
0,306,88.0,88,0.0,46.0
0,307,118.0,119,0.0,46.0
0,308,134.0,134,0.0,50.0
0,309,109.0,108,0.0,48.0
0,310,96.0,95,0.0,42.0
0,311,134.0,134,0.0,48.0
0,312,357.0,357,0.0,86.0
0,313,158.0,159,0.0,54.0
0,314,141.0,142,0.0,58.0
0,315,95.0,96,0.0,42.0
0,316,108.0,109,0.0,46.0
0,317,124.0,123,0.0,52.0
0,318,76.0,77,0.0,40.0
0,319,98.0,98,0.0,50.0
0,320,134.0,134,0.0,52.0
0,321,133.0,132,0.0,54.0
0,322,128.0,127,0.0,50.0
0,323,293.0,294,0.0,78.0
0,324,65.0,64,0.0,36.0
0,325,190.0,189,0.0,66.0
0,326,104.0,105,0.0,46.0
0,327,68.0,68,0.0,36.0
0,328,129.0,128,0.0,52.0
0,329,72.0,71,0.0,38.0
0,330,63.0,64,0.0,34.0
0,331,87.0,87,0.0,40.0
0,332,75.0,77,0.0,44.0
0,333,131.0,131,0.0,50.0
0,334,549.0,549,0.0,108.0
0,335,89.0,88,0.0,40.0
0,336,137.0,137,0.0,58.0
0,337,108.0,108,0.0,50.0
0,338,113.0,113,0.0,48.0
0,339,150.0,149,0.0,52.0
0,340,206.0,208,0.0,70.0
0,341,96.0,95,0.0,50.0
0,342,132.0,131,0.0,48.0
0,343,77.0,77,0.0,38.0
0,344,81.0,81,0.0,44.0
0,345,158.0,158,0.0,64.0
0,346,118.0,117,0.0,48.0
0,347,130.0,131,0.0,54.0
0,348,111.0,111,0.0,48.0
0,349,163.0,162,0.0,60.0
0,350,76.0,74,0.0,38.0
0,351,127.0,128,0.0,48.0
0,352,154.0,153,0.0,54.0
0,353,139.0,139,0.0,54.0
0,354,99.0,99,0.0,40.0
0,355,118.0,116,0.0,50.0
0,356,131.0,132,0.0,54.0
0,357,141.0,141,0.0,54.0
0,358,110.0,110,0.0,50.0
0,359,110.0,109,0.0,48.0
0,360,124.0,125,0.0,50.0
0,361,337.0,337,0.0,80.0
0,362,178.0,178,0.0,66.0
0,363,200.0,200,0.0,64.0
0,364,148.0,149,0.0,60.0
0,365,212.0,211,0.0,60.0
0,366,111.0,111,0.0,52.0
0,367,72.0,72,0.0,36.0
0,368,105.0,103,0.0,42.0
0,369,48.0,48,0.0,32.0
0,370,74.0,75,0.0,42.0
0,371,88.0,88,0.0,44.0
0,372,135.0,136,0.0,62.0
0,373,155.0,156,0.0,60.0
0,374,90.0,91,0.0,46.0
0,375,117.0,118,0.0,50.0
0,376,408.0,408,0.0,90.0
0,377,135.0,136,0.0,56.0
0,378,104.0,102,0.0,46.0
0,379,182.0,183,0.0,62.0
0,380,293.0,294,0.0,82.0
0,381,145.0,144,0.0,62.0
0,382,72.0,71,0.0,38.0
0,383,115.0,117,0.0,52.0
0,384,108.0,109,0.0,44.0
0,385,104.0,104,0.0,52.0
0,386,161.0,162,0.0,60.0
0,387,130.0,129,0.0,58.0
0,388,134.0,134,0.0,50.0
0,389,99.0,99,0.0,48.0
0,390,125.0,125,0.0,48.0
0,391,254.0,254,0.0,68.0
0,392,121.0,122,0.0,52.0
0,393,108.0,108,0.0,46.0
0,394,147.0,148,0.0,52.0
0,395,100.0,100,0.0,44.0
0,396,200.0,200,0.0,66.0
0,397,114.0,113,0.0,50.0
0,398,94.0,93,0.0,42.0
0,399,91.0,92,0.0,40.0
0,400,139.0,139,0.0,60.0
0,401,300.0,302,0.0,82.0
0,402,78.0,77,0.0,42.0
0,403,115.0,113,0.0,52.0
0,404,87.0,87,0.0,42.0
0,405,131.0,132,0.0,56.0
0,406,161.0,161,0.0,52.0
0,407,126.0,126,0.0,50.0
0,408,116.0,116,0.0,56.0
0,409,95.0,95,0.0,48.0
0,410,84.0,82,0.0,44.0
0,411,118.0,119,0.0,52.0
0,412,112.0,112,0.0,46.0
0,413,169.0,171,0.0,58.0
0,414,85.0,85,0.0,44.0
0,415,60.0,60,0.0,34.0
0,416,183.0,186,0.0,62.0
0,417,136.0,136,0.0,58.0
0,418,122.0,122,0.0,48.0
0,419,105.0,105,0.0,56.0
0,420,95.0,94,0.0,44.0
0,421,83.0,83,0.0,46.0
0,422,95.0,95,0.0,56.0
0,423,130.0,130,0.0,58.0
0,424,125.0,125,0.0,54.0
0,425,112.0,112,0.0,46.0
0,426,153.0,152,0.0,58.0
0,427,92.0,91,0.0,42.0
0,428,146.0,147,0.0,64.0
0,429,62.0,62,0.0,36.0
0,430,76.0,75,0.0,42.0
0,431,103.0,103,0.0,48.0
0,432,112.0,113,0.0,54.0
0,433,201.0,202,0.0,70.0
0,434,100.0,100,0.0,54.0
0,435,68.0,66,0.0,42.0
0,436,237.0,237,0.0,70.0
0,437,246.0,246,0.0,68.0
0,438,105.0,104,0.0,44.0
0,439,116.0,116,0.0,54.0
0,440,473.0,472,0.0,102.0
0,441,56.0,56,0.0,32.0
0,442,105.0,105,0.0,44.0
0,443,144.0,144,0.0,54.0
0,444,75.0,74,0.0,46.0
0,445,87.0,88,0.0,44.0
0,446,151.0,151,0.0,56.0
0,447,144.0,143,0.0,56.0
0,448,89.0,89,0.0,42.0
0,449,298.0,298,0.0,80.0
0,450,164.0,165,0.0,56.0
0,451,185.0,184,0.0,58.0
0,452,98.0,97,0.0,48.0
0,453,95.0,96,0.0,48.0
0,454,145.0,145,0.0,58.0
0,455,85.0,86,0.0,48.0
0,456,352.0,352,0.0,88.0
0,457,108.0,108,0.0,52.0
0,458,156.0,155,0.0,54.0
0,459,164.0,163,0.0,62.0
0,460,122.0,121,0.0,50.0
0,461,221.0,220,0.0,72.0
0,462,89.0,88,0.0,42.0
0,463,99.0,101,0.0,50.0
0,464,123.0,122,0.0,50.0
0,465,161.0,162,0.0,60.0
0,466,116.0,114,0.0,52.0
0,467,97.0,97,0.0,48.0
0,468,75.0,74,0.0,38.0
0,469,179.0,180,0.0,62.0
0,470,84.0,83,0.0,44.0
0,471,216.0,215,0.0,64.0
0,472,140.0,139,0.0,52.0
0,473,248.0,249,0.0,80.0
0,474,182.0,182,0.0,70.0
0,475,325.0,326,0.0,96.0
0,476,104.0,105,0.0,50.0
0,477,112.0,112,0.0,44.0
0,478,94.0,93,0.0,44.0
0,479,127.0,127,0.0,50.0
0,480,151.0,152,0.0,54.0
0,481,136.0,137,0.0,52.0
0,482,67.0,68,0.0,34.0
0,483,174.0,175,0.0,60.0
0,484,111.0,112,0.0,50.0
0,485,116.0,113,0.0,50.0
0,486,204.0,205,0.0,64.0
0,487,144.0,144,0.0,52.0
0,488,71.0,70,0.0,36.0
0,489,92.0,92,0.0,44.0
0,490,129.0,130,0.0,64.0
0,491,134.0,134,0.0,54.0
0,492,113.0,112,0.0,46.0
0,493,48.0,47,0.0,28.0
0,494,84.0,83,0.0,38.0
0,495,108.0,108,0.0,48.0
0,496,184.0,185,0.0,66.0
0,497,255.0,256,0.0,74.0
0,498,99.0,99,0.0,40.0
0,499,90.0,90,0.0,40.0
0,500,113.0,112,0.0,48.0
0,501,138.0,137,0.0,58.0
0,502,94.0,94,0.0,52.0
0,503,76.0,76,0.0,38.0
0,504,89.0,88,0.0,40.0
0,505,124.0,124,0.0,52.0
0,506,161.0,162,0.0,60.0
0,507,34.0,33,0.0,26.0
0,508,84.0,84,0.0,38.0
0,509,192.0,192,0.0,64.0
0,510,294.0,295,0.0,74.0
0,511,114.0,113,0.0,52.0
0,512,177.0,178,0.0,58.0
0,513,149.0,149,0.0,68.0
0,514,125.0,125,0.0,52.0
0,515,113.0,112,0.0,54.0
0,516,172.0,173,0.0,58.0
0,517,90.0,91,0.0,42.0
0,518,93.0,93,0.0,42.0
0,519,140.0,139,0.0,58.0
0,520,134.0,134,0.0,50.0
0,521,272.0,271,0.0,78.0
0,522,144.0,144,0.0,54.0
0,523,367.0,368,0.0,94.0
0,524,158.0,159,0.0,56.0
0,525,210.0,210,0.0,68.0
0,527,155.0,156,0.0,56.0
0,528,93.0,93,0.0,42.0
0,529,168.0,168,0.0,52.0
0,530,187.0,188,0.0,60.0
0,531,217.0,216,0.0,66.0
0,532,114.0,114,0.0,48.0
0,533,219.0,219,0.0,66.0
0,534,260.0,260,0.0,70.0
0,535,199.0,200,0.0,68.0
0,536,163.0,163,0.0,58.0
0,537,150.0,151,0.0,56.0
0,538,132.0,132,0.0,50.0
0,539,163.0,162,0.0,60.0
0,540,92.0,92,0.0,44.0
0,541,103.0,104,0.0,44.0
0,542,110.0,110,0.0,44.0
0,543,159.0,158,0.0,52.0
0,544,130.0,130,0.0,52.0
0,545,136.0,135,0.0,56.0
0,546,81.0,82,0.0,38.0
0,547,224.0,226,0.0,70.0
0,548,136.0,135,0.0,54.0
0,549,90.0,89,0.0,44.0
0,550,48.0,47,0.0,28.0
0,551,156.0,155,0.0,56.0
0,552,101.0,100,0.0,52.0
0,553,209.0,208,0.0,66.0
0,554,99.0,99,0.0,44.0
0,555,233.0,233,0.0,72.0
0,556,155.0,156,0.0,64.0
0,557,187.0,189,0.0,62.0
0,558,162.0,160,0.0,56.0
0,559,121.0,122,0.0,46.0
0,560,105.0,106,0.0,44.0
0,561,125.0,126,0.0,54.0
0,562,192.0,193,0.0,62.0
0,563,95.0,94,0.0,52.0
0,564,108.0,107,0.0,54.0
0,565,100.0,100,0.0,54.0
0,566,184.0,184,0.0,64.0
0,567,146.0,145,0.0,58.0
0,568,102.0,101,0.0,48.0
0,569,76.0,75,0.0,38.0
0,570,166.0,168,0.0,64.0
0,571,264.0,266,0.0,74.0
0,572,160.0,159,0.0,52.0
0,573,270.0,270,0.0,72.0
0,574,147.0,146,0.0,52.0
0,575,117.0,118,0.0,54.0
0,576,101.0,103,0.0,50.0
0,577,131.0,130,0.0,52.0
0,578,102.0,102,0.0,44.0
0,579,182.0,181,0.0,62.0
0,580,106.0,106,0.0,46.0
0,581,149.0,149,0.0,52.0
0,582,120.0,120,0.0,54.0
0,583,75.0,74,0.0,40.0
0,584,87.0,86,0.0,52.0
0,585,199.0,199,0.0,70.0
0,586,143.0,144,0.0,56.0
0,587,158.0,158,0.0,60.0
0,588,170.0,170,0.0,58.0
0,589,72.0,72,0.0,38.0
0,590,160.0,160,0.0,54.0
0,591,49.0,49,0.0,30.0
0,592,101.0,100,0.0,46.0
0,593,135.0,134,0.0,58.0
0,594,151.0,150,0.0,58.0
0,595,142.0,142,0.0,50.0
0,596,96.0,95,0.0,46.0
0,597,359.0,359,0.0,88.0
0,598,136.0,136,0.0,56.0
0,599,126.0,126,0.0,64.0
0,600,152.0,154,0.0,56.0
0,601,143.0,143,0.0,58.0
0,602,138.0,138,0.0,56.0
0,603,137.0,138,0.0,54.0
0,604,127.0,127,0.0,54.0
0,605,141.0,141,0.0,56.0
0,606,44.0,45,0.0,32.0
0,607,135.0,134,0.0,52.0
0,608,200.0,199,0.0,66.0
0,609,170.0,170,0.0,54.0
0,610,139.0,140,0.0,54.0
0,611,89.0,90,0.0,48.0
0,612,117.0,116,0.0,50.0
0,613,126.0,126,0.0,60.0
0,614,122.0,122,0.0,60.0
0,615,89.0,90,0.0,50.0
0,616,131.0,131,0.0,48.0
0,617,57.0,58,0.0,44.0
0,618,108.0,107,0.0,48.0
0,619,116.0,116,0.0,48.0
0,620,75.0,75,0.0,38.0
0,621,125.0,125,0.0,58.0
0,622,123.0,125,0.0,52.0
0,623,100.0,100,0.0,52.0
0,624,104.0,104,0.0,50.0
0,625,133.0,134,0.0,56.0
0,626,112.0,112,0.0,50.0
0,627,71.0,70,0.0,38.0
0,628,84.0,83,0.0,42.0
0,629,164.0,163,0.0,58.0
0,630,135.0,133,0.0,56.0
0,631,234.0,234,0.0,76.0
0,632,112.0,112,0.0,52.0
0,633,72.0,71,0.0,40.0
0,634,84.0,85,0.0,48.0
0,635,121.0,121,0.0,50.0
0,636,235.0,237,0.0,70.0
0,637,77.0,76,0.0,40.0
0,638,100.0,99,0.0,44.0
0,639,111.0,111,0.0,52.0
0,640,163.0,164,0.0,64.0
0,641,156.0,156,0.0,54.0
0,642,130.0,130,0.0,56.0
0,643,128.0,129,0.0,56.0
0,644,121.0,121,0.0,50.0
0,645,92.0,92,0.0,48.0
0,646,124.0,124,0.0,58.0
0,647,420.0,420,0.0,98.0
0,648,99.0,100,0.0,52.0
0,649,141.0,141,0.0,58.0
0,650,146.0,146,0.0,54.0
0,651,166.0,168,0.0,64.0
0,652,213.0,214,0.0,68.0
0,653,121.0,122,0.0,48.0
0,654,93.0,91,0.0,42.0
0,655,150.0,152,0.0,58.0
0,656,82.0,82,0.0,44.0
0,657,140.0,141,0.0,54.0
0,658,126.0,125,0.0,54.0
0,659,125.0,124,0.0,56.0
0,660,169.0,168,0.0,58.0
0,661,125.0,126,0.0,50.0
0,662,120.0,120,0.0,50.0
0,663,134.0,133,0.0,60.0
0,664,156.0,157,0.0,58.0
0,665,76.0,75,0.0,36.0
0,666,185.0,185,0.0,62.0
0,667,215.0,215,0.0,66.0
0,668,91.0,92,0.0,56.0
0,669,107.0,107,0.0,48.0
0,670,127.0,128,0.0,52.0
0,671,136.0,135,0.0,52.0
0,672,129.0,130,0.0,58.0
0,673,101.0,100,0.0,42.0
0,674,162.0,163,0.0,58.0
0,675,98.0,97,0.0,44.0
0,676,145.0,144,0.0,52.0
0,677,40.0,40,0.0,26.0
0,678,100.0,101,0.0,54.0
0,679,114.0,114,0.0,50.0
0,680,181.0,181,0.0,64.0
0,681,175.0,175,0.0,70.0
0,682,84.0,82,0.0,38.0
0,683,125.0,126,0.0,48.0
0,684,140.0,139,0.0,58.0
0,685,152.0,152,0.0,58.0
0,686,92.0,92,0.0,48.0
0,687,175.0,176,0.0,62.0
0,688,99.0,99,0.0,50.0
0,689,126.0,127,0.0,58.0
0,690,107.0,106,0.0,54.0
0,691,223.0,224,0.0,66.0
0,692,54.0,53,0.0,36.0
0,693,73.0,72,0.0,42.0
0,694,84.0,84,0.0,40.0
0,695,72.0,71,0.0,42.0
0,696,101.0,101,0.0,54.0
0,697,88.0,88,0.0,40.0
0,698,224.0,224,0.0,72.0
0,699,109.0,109,0.0,52.0
0,700,107.0,107,0.0,56.0
0,701,104.0,103,0.0,52.0
0,702,141.0,141,0.0,62.0
0,703,202.0,201,0.0,66.0
0,704,156.0,156,0.0,52.0
0,705,70.0,69,0.0,40.0
0,706,60.0,61,0.0,38.0
0,707,130.0,130,0.0,58.0
0,708,71.0,71,0.0,42.0
0,709,192.0,192,0.0,60.0
0,710,137.0,137,0.0,50.0
0,711,69.0,69,0.0,40.0
0,712,91.0,90,0.0,48.0
0,713,100.0,99,0.0,46.0
0,714,107.0,106,0.0,52.0
0,715,125.0,124,0.0,54.0
0,716,161.0,162,0.0,62.0
0,717,74.0,74,0.0,46.0
0,718,148.0,149,0.0,64.0
0,719,109.0,108,0.0,48.0
0,720,171.0,171,0.0,56.0
0,721,110.0,110,0.0,44.0
0,722,129.0,129,0.0,52.0
0,723,116.0,116,0.0,44.0
0,724,134.0,135,0.0,60.0
0,725,140.0,142,0.0,54.0
0,726,202.0,203,0.0,66.0
0,727,168.0,168,0.0,60.0
0,728,81.0,82,0.0,48.0
0,729,100.0,101,0.0,50.0
0,730,516.0,516,0.0,116.0
0,731,158.0,158,0.0,56.0
0,732,118.0,117,0.0,56.0
0,733,107.0,106,0.0,46.0
0,734,109.0,109,0.0,46.0
0,735,131.0,131,0.0,50.0
0,736,175.0,176,0.0,64.0
0,737,191.0,192,0.0,64.0
0,738,62.0,62,0.0,36.0
0,739,105.0,106,0.0,50.0
0,740,83.0,84,0.0,44.0
0,741,136.0,136,0.0,52.0
0,742,127.0,126,0.0,50.0
0,743,73.0,72,0.0,38.0
0,744,117.0,117,0.0,46.0
0,745,163.0,163,0.0,60.0
0,746,127.0,127,0.0,60.0
0,747,134.0,134,0.0,54.0
0,748,181.0,181,0.0,64.0
0,749,142.0,143,0.0,56.0
0,750,155.0,156,0.0,58.0
0,751,96.0,97,0.0,50.0
0,752,140.0,139,0.0,60.0
0,753,67.0,67,0.0,40.0
0,754,66.0,64,0.0,44.0
0,755,115.0,114,0.0,48.0
0,756,153.0,153,0.0,54.0
0,757,112.0,111,0.0,54.0
0,758,138.0,138,0.0,54.0
0,759,150.0,150,0.0,54.0
0,760,118.0,116,0.0,56.0
0,761,121.0,119,0.0,52.0
0,762,103.0,101,0.0,48.0
0,763,160.0,161,0.0,62.0
0,764,109.0,109,0.0,54.0
0,765,75.0,76,0.0,42.0
0,766,96.0,95,0.0,48.0
0,767,90.0,92,0.0,50.0
0,768,71.0,71,0.0,36.0
0,769,94.0,95,0.0,48.0
0,770,165.0,166,0.0,60.0
0,771,119.0,120,0.0,52.0
0,772,130.0,131,0.0,54.0
0,773,264.0,263,0.0,72.0
0,774,139.0,139,0.0,56.0
0,775,80.0,79,0.0,36.0
0,776,161.0,162,0.0,62.0
0,777,176.0,175,0.0,64.0
0,778,136.0,137,0.0,50.0
0,779,56.0,57,0.0,38.0
0,780,377.0,376,0.0,92.0
0,781,126.0,127,0.0,54.0
0,782,181.0,181,0.0,64.0
0,783,80.0,80,0.0,44.0
0,784,213.0,213,0.0,68.0
0,785,69.0,69,0.0,38.0
0,786,96.0,96,0.0,44.0
0,787,182.0,182,0.0,62.0
0,788,183.0,183,0.0,62.0
0,789,107.0,108,0.0,56.0
0,790,90.0,91,0.0,42.0
0,791,134.0,134,0.0,50.0
0,792,306.0,307,0.0,84.0
0,793,139.0,139,0.0,52.0
0,794,87.0,87,0.0,46.0
0,795,114.0,113,0.0,52.0
0,796,120.0,119,0.0,52.0
0,797,84.0,83,0.0,48.0
0,798,149.0,149,0.0,60.0
0,799,163.0,162,0.0,58.0
0,800,111.0,111,0.0,52.0
0,801,77.0,78,0.0,36.0
0,802,125.0,125,0.0,54.0
0,803,141.0,142,0.0,56.0
0,804,125.0,126,0.0,56.0
0,805,140.0,140,0.0,56.0
0,806,115.0,115,0.0,54.0
0,807,92.0,93,0.0,52.0
0,808,68.0,68,0.0,34.0
0,809,52.0,52,0.0,36.0
0,810,141.0,141,0.0,56.0
0,811,129.0,130,0.0,56.0
0,812,164.0,164,0.0,62.0
0,813,78.0,78,0.0,38.0
0,814,120.0,118,0.0,54.0
0,815,72.0,72,0.0,42.0
0,816,109.0,109,0.0,50.0
0,817,147.0,146,0.0,52.0
0,818,228.0,226,0.0,66.0
0,819,92.0,93,0.0,42.0
0,820,185.0,185,0.0,62.0
0,821,191.0,192,0.0,62.0
0,822,94.0,95,0.0,42.0
0,823,84.0,83,0.0,40.0
0,824,66.0,66,0.0,36.0
0,825,132.0,132,0.0,58.0
0,826,114.0,113,0.0,50.0
0,827,175.0,174,0.0,58.0
0,828,71.0,72,0.0,40.0
0,829,145.0,144,0.0,56.0
0,830,128.0,128,0.0,52.0
0,831,106.0,106,0.0,58.0
0,832,102.0,103,0.0,54.0
0,833,149.0,149,0.0,62.0
0,834,187.0,187,0.0,64.0
0,835,89.0,88,0.0,46.0
0,836,150.0,150,0.0,56.0
0,837,97.0,98,0.0,48.0
0,838,118.0,120,0.0,52.0
0,839,98.0,98,0.0,46.0
0,840,176.0,175,0.0,56.0
0,841,175.0,174,0.0,62.0
0,842,76.0,75,0.0,42.0
0,843,57.0,56,0.0,34.0
0,844,100.0,100,0.0,52.0
0,845,92.0,91,0.0,46.0
0,846,156.0,157,0.0,56.0
0,847,51.0,52,0.0,36.0
0,848,139.0,139,0.0,62.0
0,849,74.0,74,0.0,38.0
0,850,146.0,146,0.0,54.0
0,851,168.0,169,0.0,58.0
0,852,61.0,61,0.0,32.0
0,853,142.0,141,0.0,52.0
0,854,146.0,144,0.0,60.0
0,855,117.0,117,0.0,46.0
0,856,137.0,138,0.0,58.0
0,857,250.0,252,0.0,72.0
0,858,159.0,159,0.0,54.0
0,859,74.0,74,0.0,38.0
0,860,116.0,115,0.0,48.0
0,861,147.0,147,0.0,58.0
0,862,82.0,81,0.0,46.0
0,863,303.0,304,0.0,86.0
0,864,114.0,114,0.0,48.0
0,865,137.0,136,0.0,60.0
0,866,64.0,64,0.0,36.0
0,867,96.0,95,0.0,52.0
0,868,127.0,127,0.0,60.0
0,869,88.0,89,0.0,40.0
0,870,88.0,88,0.0,46.0
0,871,74.0,72,0.0,42.0
0,872,195.0,196,0.0,62.0
0,873,114.0,114,0.0,46.0
0,874,140.0,140,0.0,54.0
0,875,206.0,205,0.0,62.0
0,876,130.0,130,0.0,54.0
0,877,138.0,137,0.0,48.0
0,878,144.0,144,0.0,58.0
0,879,136.0,137,0.0,52.0
0,880,137.0,137,0.0,52.0
0,881,140.0,140,0.0,56.0
0,882,123.0,122,0.0,48.0
0,883,430.0,429,0.0,98.0
0,884,81.0,80,0.0,40.0
0,885,105.0,104,0.0,50.0
0,886,241.0,241,0.0,78.0
0,887,131.0,129,0.0,48.0
0,888,160.0,161,0.0,64.0
0,889,68.0,68,0.0,36.0
0,890,84.0,84,0.0,44.0
0,891,282.0,283,0.0,84.0
0,892,138.0,140,0.0,58.0
0,893,80.0,80,0.0,38.0
0,894,172.0,174,0.0,62.0
0,895,153.0,153,0.0,54.0
0,896,169.0,170,0.0,58.0
0,897,103.0,104,0.0,44.0
0,898,54.0,55,0.0,38.0
0,899,165.0,164,0.0,58.0
0,900,235.0,236,0.0,68.0
0,901,115.0,115,0.0,52.0
0,902,129.0,128,0.0,52.0
0,903,134.0,134,0.0,52.0
0,904,260.0,261,0.0,80.0
0,905,114.0,114,0.0,48.0
0,906,168.0,168,0.0,60.0
0,907,162.0,163,0.0,60.0
0,908,155.0,155,0.0,60.0
0,909,139.0,138,0.0,58.0
0,910,128.0,126,0.0,52.0
0,911,30.0,30,0.0,28.0
0,912,89.0,88,0.0,44.0
0,913,71.0,70,0.0,38.0
0,914,122.0,121,0.0,48.0
0,915,131.0,131,0.0,48.0
0,916,162.0,162,0.0,62.0
0,917,104.0,104,0.0,46.0
0,918,120.0,120,0.0,54.0
0,919,135.0,134,0.0,56.0
0,920,188.0,188,0.0,58.0
0,921,134.0,133,0.0,56.0
0,922,72.0,72,0.0,36.0
0,923,803.0,804,0.0,136.0
0,924,148.0,148,0.0,56.0
0,925,149.0,148,0.0,56.0
0,926,129.0,130,0.0,50.0
0,927,129.0,128,0.0,54.0
0,928,98.0,97,0.0,42.0
0,929,68.0,67,0.0,36.0
0,930,108.0,108,0.0,52.0
0,931,92.0,92,0.0,44.0
0,932,262.0,263,0.0,74.0
0,933,85.0,84,0.0,44.0
0,934,131.0,130,0.0,50.0
0,935,129.0,128,0.0,50.0
0,936,131.0,131,0.0,50.0
0,937,132.0,132,0.0,54.0
0,938,94.0,94,0.0,42.0
0,939,135.0,133,0.0,52.0
0,940,140.0,139,0.0,50.0
0,941,132.0,134,0.0,52.0
0,942,107.0,105,0.0,46.0
0,943,98.0,99,0.0,46.0
0,944,193.0,193,0.0,62.0
0,945,68.0,69,0.0,40.0
0,946,92.0,92,0.0,50.0
0,947,76.0,76,0.0,40.0
0,948,198.0,198,0.0,64.0
0,949,132.0,131,0.0,54.0
0,950,265.0,266,0.0,86.0
0,951,160.0,160,0.0,64.0
0,952,72.0,73,0.0,50.0
0,953,135.0,136,0.0,50.0
0,954,92.0,92,0.0,44.0
0,955,114.0,112,0.0,50.0
0,956,148.0,148,0.0,60.0
0,957,132.0,132,0.0,56.0
0,958,126.0,128,0.0,46.0
0,959,171.0,170,0.0,54.0
0,960,110.0,111,0.0,46.0
0,961,276.0,276,0.0,74.0
0,962,148.0,150,0.0,56.0
0,963,419.0,419,0.0,104.0
0,964,103.0,103,0.0,42.0
0,965,100.0,101,0.0,46.0
0,966,82.0,82,0.0,40.0
0,967,132.0,133,0.0,50.0
0,968,70.0,70,0.0,42.0
0,969,107.0,108,0.0,44.0
0,970,48.0,49,0.0,32.0
0,971,86.0,87,0.0,50.0
0,972,167.0,168,0.0,62.0
0,973,198.0,199,0.0,66.0
0,974,109.0,109,0.0,48.0
0,975,141.0,142,0.0,56.0
0,976,147.0,147,0.0,54.0
0,977,178.0,180,0.0,58.0
0,978,109.0,110,0.0,46.0
0,979,109.0,109,0.0,56.0
0,980,140.0,142,0.0,50.0
0,981,145.0,146,0.0,52.0
0,982,125.0,126,0.0,50.0
0,983,75.0,74,0.0,38.0
0,984,66.0,65,0.0,34.0
0,985,127.0,128,0.0,48.0
0,986,136.0,135,0.0,54.0
0,987,320.0,321,0.0,88.0
0,988,145.0,145,0.0,56.0
0,989,116.0,116,0.0,52.0
0,990,135.0,136,0.0,54.0
0,991,198.0,199,0.0,66.0
0,992,123.0,124,0.0,52.0
0,993,111.0,110,0.0,46.0
0,994,92.0,92,0.0,40.0
0,995,93.0,93,0.0,46.0
0,996,152.0,152,0.0,60.0
0,997,99.0,99,0.0,48.0
0,998,402.0,403,0.0,96.0
0,999,92.0,90,0.0,48.0
0,1000,59.0,58,0.0,36.0
0,1001,131.0,131,0.0,50.0
0,1002,144.0,143,0.0,48.0
0,1003,109.0,107,0.0,46.0
0,1004,123.0,122,0.0,48.0
0,1005,76.0,76,0.0,38.0
0,1006,111.0,111,0.0,46.0
0,1007,128.0,127,0.0,48.0
0,1008,91.0,91,0.0,50.0
0,1009,100.0,99,0.0,50.0
0,1010,117.0,118,0.0,48.0
0,1011,129.0,128,0.0,54.0
0,1012,101.0,102,0.0,48.0
0,1013,83.0,83,0.0,44.0
0,1014,84.0,83,0.0,38.0
0,1015,162.0,162,0.0,56.0
0,1016,148.0,149,0.0,54.0
0,1017,45.0,44,0.0,30.0
0,1018,78.0,77,0.0,40.0
0,1019,149.0,150,0.0,62.0
0,1020,120.0,119,0.0,54.0
0,1021,158.0,158,0.0,58.0
0,1022,165.0,165,0.0,58.0
0,1023,81.0,79,0.0,44.0
0,1024,154.0,153,0.0,56.0
0,1025,162.0,162,0.0,62.0
0,1026,70.0,71,0.0,38.0
0,1027,126.0,125,0.0,50.0
0,1028,146.0,146,0.0,56.0
0,1029,74.0,74,0.0,38.0
0,1030,116.0,114,0.0,48.0
0,1031,114.0,113,0.0,46.0
0,1032,180.0,181,0.0,64.0
0,1033,117.0,116,0.0,54.0
0,1034,126.0,125,0.0,48.0
0,1035,92.0,92,0.0,50.0
0,1036,208.0,207,0.0,64.0
0,1037,154.0,155,0.0,54.0
0,1038,82.0,83,0.0,40.0
0,1039,70.0,70,0.0,38.0
0,1040,189.0,189,0.0,60.0
0,1041,137.0,136,0.0,50.0
0,1042,115.0,115,0.0,52.0
0,1043,128.0,128,0.0,54.0
0,1044,122.0,122,0.0,52.0
0,1045,128.0,128,0.0,62.0
0,1046,244.0,244,0.0,80.0
0,1047,123.0,123,0.0,58.0
0,1048,117.0,117,0.0,58.0
0,1049,105.0,104,0.0,56.0
0,1050,136.0,136,0.0,56.0
0,1051,69.0,70,0.0,44.0
0,1052,146.0,147,0.0,62.0
0,1053,134.0,134,0.0,58.0
0,1054,146.0,146,0.0,62.0
0,1055,105.0,105,0.0,50.0
0,1056,128.0,128,0.0,48.0
0,1057,125.0,124,0.0,54.0
0,1058,160.0,161,0.0,58.0
0,1059,98.0,96,0.0,52.0
0,1060,262.0,262,0.0,78.0
0,1061,65.0,65,0.0,38.0
0,1062,122.0,121,0.0,52.0
0,1063,133.0,132,0.0,50.0
0,1064,77.0,77,0.0,38.0
0,1065,85.0,84,0.0,50.0
0,1066,131.0,130,0.0,58.0
0,1067,171.0,172,0.0,58.0
0,1068,122.0,122,0.0,46.0
0,1069,118.0,117,0.0,52.0
0,1070,293.0,292,0.0,84.0
0,1071,136.0,137,0.0,54.0
0,1072,107.0,106,0.0,48.0
0,1073,160.0,159,0.0,60.0
0,1074,110.0,109,0.0,42.0
0,1075,284.0,285,0.0,80.0
0,1076,75.0,75,0.0,40.0
0,1077,128.0,128,0.0,54.0
0,1078,124.0,124,0.0,64.0
0,1079,110.0,110,0.0,54.0
0,1080,108.0,108,0.0,48.0
0,1081,123.0,123,0.0,56.0
0,1082,84.0,84,0.0,40.0
0,1083,87.0,87,0.0,42.0
0,1084,100.0,100,0.0,46.0
0,1085,53.0,53,0.0,38.0
0,1086,106.0,106,0.0,56.0
0,1087,114.0,116,0.0,52.0
0,1088,123.0,123,0.0,54.0
0,1089,114.0,114,0.0,52.0
0,1090,141.0,141,0.0,52.0
0,1091,179.0,179,0.0,66.0
0,1092,120.0,120,0.0,54.0
0,1093,119.0,119,0.0,54.0
0,1094,122.0,122,0.0,50.0
0,1095,67.0,68,0.0,38.0
0,1096,84.0,83,0.0,42.0
0,1097,151.0,153,0.0,54.0
0,1098,186.0,186,0.0,62.0
0,1099,125.0,125,0.0,48.0
0,1100,156.0,156,0.0,58.0
0,1101,175.0,175,0.0,62.0
0,1102,146.0,146,0.0,60.0
0,1103,91.0,92,0.0,52.0
0,1104,120.0,120,0.0,50.0
0,1105,108.0,108,0.0,48.0
0,1106,104.0,103,0.0,44.0
0,1107,117.0,117,0.0,50.0
0,1108,158.0,158,0.0,60.0
0,1109,146.0,146,0.0,62.0
0,1110,112.0,111,0.0,54.0
0,1111,103.0,104,0.0,42.0
0,1112,127.0,126,0.0,50.0
0,1113,151.0,151,0.0,66.0
0,1114,177.0,177,0.0,58.0
0,1115,150.0,151,0.0,62.0
0,1116,170.0,170,0.0,56.0
0,1117,122.0,123,0.0,50.0
0,1118,139.0,139,0.0,52.0
0,1119,116.0,117,0.0,52.0
0,1120,122.0,120,0.0,50.0
0,1121,74.0,75,0.0,40.0
0,1122,94.0,94,0.0,48.0
0,1123,72.0,72,0.0,38.0
0,1124,154.0,153,0.0,56.0
0,1125,147.0,147,0.0,64.0
0,1126,89.0,88,0.0,42.0
0,1127,110.0,110,0.0,50.0
0,1128,132.0,131,0.0,56.0
0,1129,126.0,126,0.0,50.0
0,1130,177.0,178,0.0,62.0
0,1131,105.0,104,0.0,46.0
0,1132,56.0,56,0.0,38.0
0,1133,51.0,50,0.0,36.0
0,1134,89.0,88,0.0,54.0
0,1135,64.0,62,0.0,34.0
0,1136,170.0,170,0.0,60.0
0,1137,147.0,147,0.0,56.0
0,1138,80.0,80,0.0,38.0
0,1139,88.0,87,0.0,44.0
0,1140,111.0,111,0.0,44.0
0,1141,162.0,161,0.0,56.0
0,1142,154.0,154,0.0,60.0
0,1143,148.0,150,0.0,54.0
0,1144,264.0,264,0.0,76.0
0,1145,118.0,117,0.0,52.0
0,1146,77.0,75,0.0,42.0
0,1147,117.0,118,0.0,52.0
0,1148,106.0,106,0.0,50.0
0,1149,102.0,103,0.0,46.0
0,1150,142.0,142,0.0,54.0
0,1151,146.0,147,0.0,56.0
0,1152,175.0,175,0.0,60.0
0,1153,140.0,139,0.0,56.0
0,1154,141.0,140,0.0,58.0
0,1155,142.0,143,0.0,58.0
0,1156,40.0,40,0.0,30.0
0,1157,199.0,200,0.0,68.0
0,1158,100.0,101,0.0,44.0
0,1159,127.0,127,0.0,54.0
0,1160,105.0,104,0.0,48.0
0,1161,149.0,150,0.0,58.0
0,1162,143.0,143,0.0,48.0
0,1163,70.0,71,0.0,42.0
0,1164,124.0,123,0.0,50.0
0,1165,195.0,195,0.0,66.0
0,1166,75.0,75,0.0,40.0
0,1167,106.0,106,0.0,56.0
0,1168,109.0,109,0.0,48.0
0,1169,107.0,106,0.0,52.0
0,1170,110.0,111,0.0,44.0
0,1171,97.0,96,0.0,52.0
0,1172,82.0,81,0.0,40.0
0,1173,79.0,78,0.0,42.0
0,1174,114.0,115,0.0,50.0
0,1175,98.0,99,0.0,42.0
0,1176,125.0,126,0.0,56.0
0,1177,88.0,87,0.0,40.0
0,1178,156.0,157,0.0,62.0
0,1179,104.0,104,0.0,46.0
0,1180,117.0,118,0.0,48.0
0,1181,170.0,171,0.0,62.0
0,1182,240.0,239,0.0,72.0
0,1183,72.0,71,0.0,38.0
0,1184,163.0,164,0.0,54.0
0,1185,94.0,95,0.0,44.0
0,1186,162.0,161,0.0,62.0
0,1187,159.0,160,0.0,56.0
0,1188,184.0,185,0.0,60.0
0,1189,130.0,131,0.0,56.0
0,1190,126.0,126,0.0,48.0
0,1191,153.0,153,0.0,58.0
0,1192,134.0,134,0.0,58.0
0,1193,164.0,163,0.0,54.0
0,1194,223.0,222,0.0,70.0
0,1195,162.0,162,0.0,60.0
0,1196,72.0,73,0.0,38.0
0,1197,158.0,159,0.0,54.0
0,1198,110.0,109,0.0,52.0
0,1199,94.0,93,0.0,46.0
0,1200,106.0,106,0.0,48.0
0,1201,129.0,132,0.0,50.0
0,1202,123.0,122,0.0,52.0
0,1203,133.0,134,0.0,56.0
0,1204,306.0,307,0.0,80.0
0,1205,112.0,112,0.0,52.0
0,1206,102.0,102,0.0,44.0
0,1207,56.0,56,0.0,36.0
0,1208,176.0,178,0.0,58.0
0,1209,140.0,140,0.0,54.0
0,1210,88.0,89,0.0,40.0
0,1211,157.0,157,0.0,54.0
0,1212,186.0,186,0.0,62.0
0,1213,74.0,74,0.0,38.0
0,1214,126.0,125,0.0,48.0
0,1215,78.0,79,0.0,40.0
0,1216,132.0,133,0.0,54.0
0,1217,88.0,89,0.0,48.0
0,1218,111.0,111,0.0,44.0
0,1219,93.0,92,0.0,46.0
0,1220,108.0,109,0.0,56.0
0,1221,125.0,125,0.0,54.0
0,1222,138.0,140,0.0,54.0
0,1223,128.0,129,0.0,54.0
0,1224,150.0,151,0.0,62.0
0,1225,138.0,136,0.0,58.0
0,1226,120.0,119,0.0,50.0
0,1227,245.0,245,0.0,74.0
0,1228,133.0,133,0.0,54.0
0,1229,159.0,160,0.0,58.0
0,1230,120.0,120,0.0,60.0
0,1231,143.0,144,0.0,54.0
0,1232,112.0,112,0.0,50.0
0,1233,112.0,114,0.0,52.0
0,1234,69.0,68,0.0,44.0
0,1235,165.0,165,0.0,60.0
0,1236,114.0,115,0.0,46.0
0,1237,143.0,143,0.0,56.0
0,1238,118.0,117,0.0,50.0
0,1239,130.0,130,0.0,48.0
0,1240,95.0,95,0.0,44.0
0,1241,65.0,65,0.0,42.0
0,1242,160.0,160,0.0,62.0
0,1243,102.0,101,0.0,48.0
0,1244,117.0,117,0.0,52.0
0,1245,226.0,226,0.0,70.0
0,1246,111.0,111,0.0,48.0
0,1247,118.0,117,0.0,56.0
0,1248,106.0,106,0.0,46.0
0,1249,82.0,82,0.0,40.0
0,1250,206.0,205,0.0,66.0
0,1251,116.0,116,0.0,50.0
0,1252,88.0,88,0.0,44.0
0,1253,89.0,88,0.0,40.0
0,1254,49.0,49,0.0,30.0
0,1255,78.0,77,0.0,46.0
0,1256,166.0,168,0.0,64.0
0,1257,158.0,158,0.0,56.0
0,1258,131.0,130,0.0,58.0
0,1259,114.0,114,0.0,54.0
0,1260,331.0,330,0.0,82.0
0,1261,177.0,178,0.0,64.0
0,1262,137.0,137,0.0,50.0
0,1263,99.0,100,0.0,46.0
0,1264,115.0,115,0.0,50.0
0,1265,136.0,136,0.0,54.0
0,1266,135.0,136,0.0,50.0
0,1267,160.0,161,0.0,56.0
0,1268,69.0,69,0.0,36.0
0,1269,103.0,103,0.0,46.0
0,1270,145.0,145,0.0,58.0
0,1271,112.0,113,0.0,46.0
0,1272,100.0,100,0.0,46.0
0,1273,108.0,108,0.0,48.0
0,1274,110.0,109,0.0,50.0
0,1275,184.0,183,0.0,66.0
0,1276,165.0,165,0.0,62.0
0,1277,146.0,144,0.0,58.0
0,1278,78.0,79,0.0,42.0
0,1279,197.0,198,0.0,66.0
0,1280,144.0,143,0.0,52.0
0,1281,128.0,129,0.0,52.0
0,1282,132.0,133,0.0,52.0
0,1283,67.0,66,0.0,38.0
0,1284,117.0,116,0.0,46.0
0,1285,147.0,147,0.0,58.0
0,1286,93.0,93,0.0,44.0
0,1287,136.0,136,0.0,50.0
0,1288,120.0,120,0.0,44.0
0,1289,136.0,137,0.0,60.0
0,1290,90.0,90,0.0,42.0
0,1291,429.0,428,0.0,94.0
0,1292,119.0,118,0.0,48.0
0,1293,169.0,169,0.0,60.0
0,1294,128.0,128,0.0,56.0
0,1295,93.0,92,0.0,46.0
0,1296,121.0,121,0.0,50.0
0,1297,164.0,165,0.0,66.0
0,1298,82.0,83,0.0,48.0
0,1299,146.0,147,0.0,54.0
0,1300,83.0,83,0.0,42.0
0,1301,77.0,76,0.0,38.0
0,1302,149.0,149,0.0,56.0
0,1303,132.0,133,0.0,62.0
0,1304,124.0,123,0.0,46.0
0,1305,128.0,128,0.0,52.0
0,1306,88.0,87,0.0,48.0
0,1307,111.0,111,0.0,50.0
0,1308,86.0,88,0.0,42.0
0,1309,140.0,141,0.0,54.0
0,1310,153.0,153,0.0,56.0
0,1311,369.0,369,0.0,88.0
0,1312,264.0,266,0.0,82.0
0,1313,109.0,110,0.0,46.0
0,1314,118.0,119,0.0,50.0
0,1315,114.0,115,0.0,50.0
0,1316,51.0,51,0.0,40.0
0,1317,79.0,79,0.0,42.0
0,1318,109.0,109,0.0,44.0
0,1319,167.0,168,0.0,60.0
0,1320,142.0,142,0.0,60.0
0,1321,141.0,140,0.0,54.0
0,1322,143.0,145,0.0,66.0
0,1323,140.0,139,0.0,60.0
0,1324,100.0,101,0.0,42.0
0,1325,87.0,87,0.0,44.0
0,1326,107.0,107,0.0,54.0
0,1327,92.0,91,0.0,44.0
0,1328,113.0,111,0.0,46.0
0,1329,135.0,135,0.0,58.0
0,1330,84.0,84,0.0,48.0
0,1331,300.0,300,0.0,82.0
0,1332,88.0,87,0.0,38.0
0,1333,185.0,186,0.0,66.0
0,1334,147.0,148,0.0,50.0
0,1335,144.0,145,0.0,56.0
0,1336,321.0,322,0.0,82.0
0,1337,132.0,132,0.0,46.0
0,1338,346.0,346,0.0,90.0
0,1339,103.0,102,0.0,54.0
0,1340,133.0,134,0.0,52.0
0,1341,120.0,120,0.0,64.0
0,1342,160.0,162,0.0,60.0
0,1343,120.0,119,0.0,48.0
0,1344,177.0,176,0.0,62.0
0,1345,232.0,231,0.0,66.0
0,1346,170.0,171,0.0,60.0
0,1347,115.0,116,0.0,50.0
0,1348,143.0,143,0.0,52.0
0,1349,64.0,63,0.0,38.0
0,1350,155.0,154,0.0,58.0
0,1351,405.0,408,0.0,90.0
0,1352,100.0,100,0.0,46.0
0,1353,116.0,115,0.0,46.0
0,1354,68.0,67,0.0,40.0
0,1355,150.0,149,0.0,52.0
0,1356,106.0,106,0.0,46.0
0,1357,87.0,86,0.0,44.0
0,1358,119.0,119,0.0,50.0
0,1359,80.0,80,0.0,44.0
0,1360,104.0,103,0.0,42.0
0,1361,86.0,85,0.0,44.0
0,1362,138.0,138,0.0,52.0
0,1363,145.0,146,0.0,54.0
0,1364,114.0,114,0.0,52.0
0,1365,118.0,117,0.0,54.0
0,1366,164.0,165,0.0,62.0
0,1367,112.0,112,0.0,54.0
0,1368,118.0,119,0.0,48.0
0,1369,85.0,85,0.0,40.0
0,1370,114.0,112,0.0,46.0
0,1371,143.0,143,0.0,56.0
0,1372,131.0,131,0.0,58.0
0,1373,86.0,85,0.0,42.0
0,1374,98.0,98,0.0,46.0
0,1375,127.0,129,0.0,60.0
0,1376,112.0,112,0.0,46.0
0,1377,88.0,89,0.0,44.0
0,1378,81.0,81,0.0,50.0
0,1379,81.0,82,0.0,42.0
0,1380,144.0,144,0.0,60.0
0,1381,80.0,81,0.0,42.0
0,1382,127.0,127,0.0,48.0
0,1383,276.0,277,0.0,78.0
0,1384,107.0,107,0.0,48.0
0,1385,134.0,134,0.0,52.0
0,1386,80.0,80,0.0,44.0
0,1387,58.0,59,0.0,34.0
0,1388,78.0,79,0.0,42.0
0,1389,56.0,56,0.0,44.0
0,1390,172.0,172,0.0,62.0
0,1391,90.0,89,0.0,46.0
0,1392,104.0,103,0.0,50.0
0,1393,75.0,75,0.0,40.0
0,1394,120.0,119,0.0,44.0
0,1395,288.0,287,0.0,80.0
0,1396,135.0,134,0.0,48.0
0,1397,102.0,102,0.0,48.0
0,1398,106.0,107,0.0,52.0
0,1399,237.0,237,0.0,76.0
0,1400,177.0,178,0.0,62.0
0,1401,106.0,106,0.0,50.0
0,1402,94.0,95,0.0,44.0
0,1403,132.0,132,0.0,52.0
0,1404,165.0,164,0.0,62.0
0,1405,159.0,159,0.0,58.0
0,1406,158.0,157,0.0,58.0
0,1407,59.0,58,0.0,36.0
0,1408,125.0,127,0.0,54.0
0,1409,143.0,143,0.0,50.0
0,1410,112.0,112,0.0,46.0
0,1411,149.0,150,0.0,56.0
0,1412,100.0,102,0.0,44.0
0,1413,75.0,74,0.0,40.0
0,1414,118.0,117,0.0,48.0
0,1415,132.0,132,0.0,52.0
0,1416,108.0,109,0.0,58.0
0,1417,286.0,288,0.0,80.0
0,1418,108.0,108,0.0,44.0
0,1419,168.0,167,0.0,58.0
0,1420,74.0,75,0.0,44.0
0,1421,106.0,106,0.0,48.0
0,1422,130.0,130,0.0,46.0
0,1423,197.0,197,0.0,64.0
0,1424,102.0,102,0.0,42.0
0,1425,66.0,66,0.0,34.0
0,1426,127.0,127,0.0,54.0
0,1427,117.0,118,0.0,54.0
0,1428,111.0,111,0.0,54.0
0,1429,103.0,103,0.0,46.0
0,1430,173.0,175,0.0,60.0
0,1431,150.0,151,0.0,58.0
0,1432,115.0,114,0.0,48.0
0,1433,304.0,304,0.0,74.0
0,1434,177.0,177,0.0,64.0
0,1435,147.0,146,0.0,56.0
0,1436,89.0,88,0.0,44.0
0,1437,131.0,132,0.0,52.0
0,1438,88.0,88,0.0,46.0
0,1439,124.0,125,0.0,54.0
0,1440,146.0,145,0.0,54.0
0,1441,119.0,118,0.0,50.0
0,1442,78.0,79,0.0,38.0
0,1443,89.0,90,0.0,50.0
0,1444,177.0,177,0.0,64.0
0,1445,71.0,72,0.0,46.0
0,1446,82.0,82,0.0,38.0
0,1447,137.0,137,0.0,54.0
0,1448,88.0,87,0.0,42.0
0,1449,133.0,132,0.0,52.0
0,1450,103.0,102,0.0,44.0
0,1451,105.0,106,0.0,42.0
0,1452,175.0,175,0.0,58.0
0,1453,123.0,124,0.0,50.0
0,1454,120.0,119,0.0,46.0
0,1455,112.0,111,0.0,50.0
0,1456,114.0,114,0.0,44.0
0,1457,174.0,174,0.0,56.0
0,1458,111.0,111,0.0,54.0
0,1459,91.0,91,0.0,40.0
0,1460,163.0,163,0.0,54.0
0,1461,100.0,100,0.0,42.0
0,1462,100.0,102,0.0,48.0
0,1463,166.0,168,0.0,60.0
0,1464,91.0,93,0.0,52.0
0,1465,86.0,86,0.0,44.0
0,1466,86.0,86,0.0,48.0
0,1467,64.0,64,0.0,34.0
0,1468,136.0,139,0.0,50.0
0,1469,278.0,280,0.0,76.0
0,1470,96.0,96,0.0,44.0
0,1471,116.0,115,0.0,54.0
0,1472,103.0,103,0.0,46.0
0,1473,105.0,106,0.0,48.0
0,1474,102.0,101,0.0,52.0
0,1475,92.0,91,0.0,44.0
0,1476,111.0,111,0.0,48.0
0,1477,60.0,60,0.0,34.0
0,1478,63.0,62,0.0,32.0
0,1479,115.0,115,0.0,54.0
0,1480,128.0,127,0.0,48.0
0,1481,119.0,119,0.0,58.0
0,1482,145.0,144,0.0,62.0
0,1483,153.0,152,0.0,58.0
0,1484,122.0,123,0.0,48.0
0,1485,114.0,112,0.0,54.0
0,1486,96.0,95,0.0,42.0
0,1487,121.0,120,0.0,50.0
0,1488,110.0,111,0.0,52.0
0,1489,107.0,107,0.0,50.0
0,1490,139.0,138,0.0,58.0
0,1491,146.0,146,0.0,56.0
0,1492,82.0,82,0.0,42.0
0,1493,143.0,145,0.0,54.0
0,1494,107.0,106,0.0,44.0
0,1495,189.0,190,0.0,58.0
0,1496,104.0,104,0.0,48.0
0,1497,163.0,163,0.0,56.0
0,1498,137.0,137,0.0,54.0
0,1499,117.0,118,0.0,46.0
0,1500,99.0,99,0.0,50.0
0,1501,201.0,200,0.0,62.0
0,1502,176.0,175,0.0,62.0
0,1503,144.0,145,0.0,60.0
0,1504,145.0,145,0.0,56.0
0,1505,155.0,155,0.0,58.0
0,1506,105.0,104,0.0,46.0
0,1507,179.0,179,0.0,66.0
0,1508,102.0,102,0.0,50.0
0,1509,117.0,116,0.0,50.0
0,1510,92.0,91,0.0,50.0
0,1511,132.0,132,0.0,50.0
0,1512,168.0,168,0.0,60.0
0,1513,273.0,272,0.0,74.0
0,1514,187.0,188,0.0,60.0
0,1515,166.0,165,0.0,60.0
0,1516,72.0,73,0.0,40.0
0,1517,94.0,95,0.0,46.0
0,1518,135.0,134,0.0,52.0
0,1519,95.0,94,0.0,46.0
0,1520,103.0,104,0.0,44.0
0,1521,142.0,142,0.0,60.0
0,1522,110.0,110,0.0,52.0
0,1523,67.0,65,0.0,40.0
0,1524,114.0,114,0.0,46.0
0,1525,115.0,115,0.0,48.0
0,1526,54.0,53,0.0,30.0
0,1527,87.0,85,0.0,40.0
0,1528,128.0,129,0.0,52.0
0,1529,40.0,39,0.0,34.0
0,1530,66.0,65,0.0,40.0
0,1531,99.0,100,0.0,50.0
0,1532,96.0,96,0.0,44.0
0,1533,121.0,122,0.0,48.0
0,1534,63.0,63,0.0,34.0
0,1535,155.0,156,0.0,62.0
0,1536,112.0,113,0.0,48.0
0,1537,47.0,46,0.0,42.0
0,1538,154.0,153,0.0,54.0
0,1539,119.0,119,0.0,50.0
0,1540,300.0,301,0.0,82.0
0,1541,108.0,108,0.0,50.0
0,1542,139.0,139,0.0,58.0
0,1543,160.0,161,0.0,60.0
0,1544,104.0,104,0.0,48.0
0,1545,88.0,87,0.0,40.0
0,1546,112.0,112,0.0,54.0
0,1547,114.0,112,0.0,44.0
0,1548,194.0,194,0.0,66.0
0,1549,93.0,94,0.0,44.0
0,1550,150.0,151,0.0,62.0
0,1551,172.0,172,0.0,64.0
0,1552,82.0,82,0.0,38.0
0,1553,128.0,128,0.0,50.0
0,1554,85.0,86,0.0,46.0
0,1555,147.0,147,0.0,54.0
0,1556,112.0,112,0.0,48.0
0,1557,100.0,100,0.0,42.0
0,1558,110.0,111,0.0,44.0
0,1559,158.0,157,0.0,62.0
0,1560,169.0,168,0.0,56.0
0,1561,112.0,113,0.0,48.0
0,1562,134.0,134,0.0,60.0
0,1563,173.0,174,0.0,56.0
0,1564,132.0,131,0.0,46.0
0,1565,152.0,151,0.0,54.0
0,1566,102.0,103,0.0,50.0
0,1567,220.0,219,0.0,72.0
0,1568,131.0,130,0.0,52.0
0,1569,155.0,155,0.0,54.0
0,1570,177.0,177,0.0,58.0
0,1571,76.0,76,0.0,38.0
0,1572,132.0,132,0.0,50.0
0,1573,145.0,144,0.0,62.0
0,1574,89.0,89,0.0,46.0
0,1575,102.0,102,0.0,48.0
0,1576,168.0,168,0.0,62.0
0,1577,118.0,117,0.0,46.0
0,1578,128.0,127,0.0,56.0
0,1579,166.0,166,0.0,58.0
0,1580,75.0,74,0.0,38.0
0,1581,125.0,124,0.0,52.0
0,1582,60.0,60,0.0,36.0
0,1583,124.0,125,0.0,54.0
0,1584,120.0,120,0.0,52.0
0,1585,87.0,85,0.0,46.0
0,1586,159.0,160,0.0,62.0
0,1587,76.0,77,0.0,36.0
0,1588,146.0,146,0.0,54.0
0,1589,108.0,108,0.0,44.0
0,1590,82.0,82,0.0,46.0
0,1591,180.0,180,0.0,62.0
0,1592,116.0,115,0.0,54.0
0,1593,148.0,149,0.0,52.0
0,1594,284.0,285,0.0,76.0
0,1595,173.0,174,0.0,64.0
0,1596,164.0,164,0.0,60.0
0,1597,122.0,120,0.0,46.0
0,1598,172.0,173,0.0,58.0
0,1599,97.0,98,0.0,50.0
0,1600,23.0,22,0.0,40.0
0,1601,167.0,167,0.0,62.0
0,1602,139.0,140,0.0,52.0
0,1603,79.0,79,0.0,40.0
0,1604,137.0,137,0.0,58.0
0,1605,99.0,99,0.0,44.0
0,1606,74.0,74,0.0,40.0
0,1607,160.0,160,0.0,56.0
0,1608,113.0,112,0.0,54.0
0,1609,80.0,80,0.0,46.0
0,1610,130.0,131,0.0,54.0
0,1611,363.0,363,0.0,88.0
0,1612,99.0,98,0.0,52.0
0,1613,160.0,161,0.0,60.0
0,1614,89.0,90,0.0,46.0
0,1615,128.0,127,0.0,54.0
0,1616,132.0,131,0.0,52.0
0,1617,141.0,140,0.0,54.0
0,1618,89.0,88,0.0,48.0
0,1619,54.0,53,0.0,34.0
0,1620,105.0,105,0.0,48.0
0,1621,134.0,134,0.0,48.0
0,1622,125.0,125,0.0,50.0
0,1623,190.0,190,0.0,62.0
0,1624,143.0,143,0.0,56.0
0,1625,153.0,153,0.0,58.0
0,1626,96.0,96,0.0,48.0
0,1627,123.0,124,0.0,52.0
0,1628,135.0,134,0.0,58.0
0,1629,204.0,204,0.0,64.0
0,1630,176.0,175,0.0,60.0
0,1631,93.0,93,0.0,42.0
0,1632,132.0,134,0.0,50.0
0,1633,147.0,148,0.0,56.0
0,1634,84.0,84,0.0,40.0
0,1635,110.0,109,0.0,52.0
0,1636,132.0,132,0.0,46.0
0,1637,106.0,106,0.0,46.0
0,1638,144.0,145,0.0,58.0
0,1639,101.0,101,0.0,46.0
0,1640,130.0,130,0.0,54.0
0,1641,122.0,123,0.0,58.0
0,1642,187.0,189,0.0,62.0
0,1643,174.0,175,0.0,58.0
0,1644,135.0,135,0.0,52.0
0,1645,120.0,120,0.0,54.0
0,1646,177.0,176,0.0,60.0
0,1647,133.0,133,0.0,58.0
0,1648,68.0,68,0.0,38.0
0,1649,132.0,131,0.0,48.0
0,1650,86.0,85,0.0,50.0
0,1651,100.0,101,0.0,50.0
0,1652,170.0,170,0.0,60.0
0,1653,236.0,236,0.0,70.0
0,1654,173.0,174,0.0,62.0
0,1655,175.0,174,0.0,66.0
0,1656,124.0,124,0.0,54.0
0,1657,72.0,72,0.0,34.0
0,1658,104.0,103,0.0,44.0
0,1659,153.0,154,0.0,60.0
0,1660,160.0,159,0.0,56.0
0,1661,169.0,168,0.0,58.0
0,1662,78.0,77,0.0,38.0
0,1663,150.0,150,0.0,66.0
0,1664,106.0,105,0.0,46.0
0,1665,195.0,195,0.0,68.0
0,1666,102.0,101,0.0,48.0
0,1667,140.0,141,0.0,58.0
0,1668,77.0,78,0.0,40.0
0,1669,111.0,110,0.0,48.0
0,1670,142.0,143,0.0,58.0
0,1671,97.0,97,0.0,40.0
0,1672,142.0,141,0.0,56.0
0,1673,171.0,171,0.0,58.0
0,1674,183.0,184,0.0,62.0
0,1675,88.0,88,0.0,40.0
0,1676,78.0,76,0.0,38.0
0,1677,139.0,139,0.0,58.0
0,1678,100.0,100,0.0,46.0
0,1679,148.0,147,0.0,56.0
0,1680,114.0,114,0.0,46.0
0,1681,97.0,98,0.0,48.0
0,1682,87.0,87,0.0,46.0
0,1683,244.0,244,0.0,76.0
0,1684,100.0,99,0.0,44.0
0,1685,148.0,148,0.0,52.0
0,1686,64.0,64,0.0,36.0
0,1687,97.0,99,0.0,44.0
0,1688,223.0,225,0.0,66.0
0,1689,91.0,93,0.0,44.0
0,1690,165.0,164,0.0,66.0
0,1691,294.0,294,0.0,84.0
0,1692,160.0,159,0.0,56.0
0,1693,109.0,110,0.0,48.0
0,1694,124.0,124,0.0,50.0
0,1695,84.0,83,0.0,40.0
0,1696,67.0,67,0.0,36.0
0,1697,83.0,83,0.0,42.0
0,1698,152.0,152,0.0,56.0
0,1699,128.0,129,0.0,54.0
0,1700,146.0,146,0.0,52.0
0,1701,102.0,103,0.0,50.0
0,1702,97.0,96,0.0,42.0
0,1703,105.0,104,0.0,46.0
0,1704,252.0,252,0.0,74.0
0,1705,125.0,126,0.0,58.0
0,1706,130.0,130,0.0,50.0
0,1707,211.0,211,0.0,66.0
0,1708,89.0,89,0.0,42.0
0,1709,162.0,162,0.0,56.0
0,1710,94.0,93,0.0,44.0
0,1711,140.0,140,0.0,52.0
0,1712,136.0,136,0.0,50.0
0,1713,128.0,129,0.0,50.0
0,1714,198.0,199,0.0,66.0
0,1715,136.0,135,0.0,50.0
0,1716,127.0,127,0.0,56.0
0,1717,151.0,151,0.0,54.0
0,1718,77.0,76,0.0,38.0
0,1719,141.0,142,0.0,52.0
0,1720,163.0,162,0.0,56.0
0,1721,144.0,144,0.0,60.0
0,1722,137.0,138,0.0,56.0
0,1723,112.0,111,0.0,46.0
0,1724,179.0,180,0.0,70.0
0,1725,183.0,183,0.0,64.0
0,1726,127.0,126,0.0,46.0
0,1727,74.0,73,0.0,38.0
0,1728,36.0,37,0.0,32.0
0,1729,81.0,81,0.0,36.0
0,1730,159.0,159,0.0,58.0
0,1731,101.0,100,0.0,46.0
0,1732,163.0,163,0.0,60.0
0,1733,151.0,150,0.0,58.0
0,1734,112.0,112,0.0,48.0
0,1735,137.0,138,0.0,58.0
0,1736,108.0,107,0.0,52.0
0,1737,135.0,135,0.0,54.0
0,1738,87.0,87,0.0,44.0
0,1739,156.0,157,0.0,54.0
0,1740,125.0,126,0.0,48.0
0,1741,72.0,72,0.0,38.0
0,1742,109.0,110,0.0,60.0
0,1743,83.0,83,0.0,42.0
0,1744,72.0,71,0.0,34.0
0,1745,110.0,110,0.0,54.0
0,1746,43.0,43,0.0,32.0
0,1747,331.0,331,0.0,86.0
0,1748,256.0,255,0.0,70.0
0,1749,149.0,147,0.0,54.0
0,1750,138.0,138,0.0,54.0
0,1751,143.0,143,0.0,58.0
0,1752,110.0,112,0.0,46.0
0,1753,122.0,123,0.0,48.0
0,1754,122.0,121,0.0,54.0
0,1755,92.0,92,0.0,48.0
0,1756,168.0,170,0.0,60.0
0,1757,128.0,127,0.0,52.0
0,1758,132.0,131,0.0,52.0
0,1759,80.0,79,0.0,36.0
0,1760,148.0,149,0.0,52.0
0,1761,120.0,119,0.0,46.0
0,1762,83.0,83,0.0,40.0
0,1763,160.0,160,0.0,66.0
0,1764,110.0,109,0.0,50.0
0,1765,51.0,50,0.0,34.0
0,1766,122.0,122,0.0,56.0
0,1767,121.0,120,0.0,50.0
0,1768,372.0,373,0.0,86.0
0,1769,127.0,127,0.0,52.0
0,1770,112.0,113,0.0,50.0
0,1771,93.0,95,0.0,46.0
0,1772,110.0,109,0.0,52.0
0,1773,235.0,235,0.0,74.0
0,1774,125.0,126,0.0,56.0
0,1775,169.0,169,0.0,56.0
0,1776,132.0,131,0.0,50.0
0,1777,84.0,84,0.0,46.0
0,1778,110.0,109,0.0,42.0
0,1779,90.0,91,0.0,44.0
0,1780,135.0,135,0.0,52.0
0,1781,101.0,102,0.0,44.0
0,1782,181.0,181,0.0,62.0
0,1783,133.0,132,0.0,46.0
0,1784,84.0,83,0.0,40.0
0,1785,144.0,145,0.0,58.0
0,1786,83.0,83,0.0,44.0
0,1787,161.0,163,0.0,66.0
0,1788,116.0,115,0.0,52.0
0,1789,186.0,186,0.0,64.0
0,1790,176.0,177,0.0,64.0
0,1791,81.0,81,0.0,42.0
0,1792,85.0,86,0.0,44.0
0,1793,137.0,137,0.0,54.0
0,1794,78.0,79,0.0,44.0
0,1795,69.0,68,0.0,42.0
0,1796,124.0,126,0.0,52.0
0,1797,131.0,131,0.0,54.0
0,1798,111.0,112,0.0,48.0
0,1799,267.0,267,0.0,76.0
0,1800,87.0,87,0.0,40.0
0,1801,141.0,140,0.0,54.0
0,1802,101.0,101,0.0,54.0
0,1803,63.0,63,0.0,32.0
0,1804,139.0,139,0.0,54.0
0,1805,118.0,117,0.0,52.0
0,1806,150.0,149,0.0,60.0
0,1807,143.0,142,0.0,52.0
0,1808,224.0,224,0.0,70.0
0,1809,72.0,73,0.0,42.0
0,1810,198.0,199,0.0,64.0
0,1811,56.0,56,0.0,36.0
0,1812,114.0,113,0.0,48.0
0,1813,73.0,73,0.0,38.0
0,1814,132.0,131,0.0,52.0
0,1815,275.0,275,0.0,80.0
0,1816,158.0,159,0.0,62.0
0,1817,102.0,103,0.0,42.0
0,1818,128.0,127,0.0,50.0
0,1819,120.0,120,0.0,54.0
0,1820,153.0,153,0.0,56.0
0,1821,104.0,104,0.0,46.0
0,1822,140.0,141,0.0,58.0
0,1823,87.0,86,0.0,42.0
0,1824,102.0,102,0.0,48.0
0,1825,97.0,97,0.0,46.0
0,1826,121.0,122,0.0,52.0
0,1827,125.0,124,0.0,50.0
0,1828,138.0,139,0.0,48.0
0,1829,132.0,131,0.0,50.0
0,1830,172.0,172,0.0,64.0
0,1831,152.0,152,0.0,56.0
0,1832,126.0,126,0.0,54.0
0,1833,114.0,114,0.0,50.0
0,1834,98.0,97,0.0,54.0
0,1835,181.0,180,0.0,62.0
0,1836,137.0,135,0.0,52.0
0,1837,102.0,102,0.0,46.0
0,1838,124.0,123,0.0,48.0
0,1839,124.0,124,0.0,48.0
0,1840,200.0,199,0.0,68.0
0,1841,239.0,239,0.0,74.0
0,1842,131.0,131,0.0,52.0
0,1843,134.0,134,0.0,52.0
0,1844,146.0,148,0.0,58.0
0,1845,103.0,104,0.0,50.0
0,1846,96.0,95,0.0,40.0
0,1847,162.0,162,0.0,62.0
0,1848,169.0,170,0.0,62.0
0,1849,106.0,105,0.0,46.0
0,1850,116.0,116,0.0,50.0
0,1851,140.0,140,0.0,50.0
0,1852,73.0,72,0.0,46.0
0,1853,96.0,95,0.0,48.0
0,1854,106.0,106,0.0,58.0
0,1855,111.0,111,0.0,54.0
0,1856,161.0,160,0.0,58.0
0,1857,298.0,298,0.0,86.0
0,1858,78.0,76,0.0,42.0
0,1859,104.0,104,0.0,48.0
0,1860,254.0,254,0.0,72.0
0,1861,151.0,152,0.0,58.0
0,1862,70.0,69,0.0,42.0
0,1863,162.0,162,0.0,58.0
0,1864,148.0,148,0.0,62.0
0,1865,145.0,145,0.0,54.0
0,1866,85.0,86,0.0,38.0
0,1867,159.0,158,0.0,62.0
0,1868,124.0,124,0.0,52.0
0,1869,109.0,108,0.0,48.0
0,1870,111.0,111,0.0,50.0
0,1871,101.0,102,0.0,52.0
0,1872,123.0,124,0.0,50.0
0,1873,196.0,195,0.0,68.0
0,1874,121.0,121,0.0,54.0
0,1875,103.0,105,0.0,50.0
0,1876,106.0,105,0.0,54.0
0,1877,250.0,250,0.0,72.0
0,1878,114.0,113,0.0,46.0
0,1879,145.0,145,0.0,52.0
0,1880,120.0,120,0.0,46.0
0,1881,122.0,122,0.0,48.0
0,1882,197.0,197,0.0,64.0
0,1883,143.0,143,0.0,62.0
0,1884,86.0,85,0.0,42.0
0,1885,159.0,160,0.0,58.0
0,1886,155.0,156,0.0,54.0
0,1887,109.0,108,0.0,46.0
0,1888,173.0,174,0.0,58.0
0,1889,123.0,122,0.0,50.0
0,1890,66.0,66,0.0,36.0
0,1891,100.0,101,0.0,46.0
0,1892,104.0,104,0.0,46.0
0,1893,136.0,136,0.0,56.0
0,1894,126.0,126,0.0,58.0
0,1895,136.0,136,0.0,48.0
0,1896,188.0,189,0.0,60.0
0,1897,179.0,179,0.0,62.0
0,1898,134.0,133,0.0,54.0
0,1899,123.0,123,0.0,54.0
0,1900,187.0,188,0.0,66.0
0,1901,115.0,114,0.0,52.0
0,1902,81.0,80,0.0,42.0
0,1903,131.0,131,0.0,52.0
0,1904,94.0,94,0.0,42.0
0,1905,125.0,126,0.0,46.0
0,1906,136.0,137,0.0,52.0
0,1907,90.0,90,0.0,46.0
0,1908,188.0,189,0.0,60.0
0,1909,118.0,119,0.0,52.0
0,1910,72.0,72,0.0,42.0
0,1911,106.0,106,0.0,46.0
0,1912,76.0,74,0.0,36.0
0,1913,118.0,118,0.0,54.0
0,1914,154.0,155,0.0,54.0
0,1915,66.0,67,0.0,34.0
0,1916,163.0,163,0.0,60.0
0,1917,135.0,136,0.0,54.0
0,1918,170.0,171,0.0,54.0
0,1919,120.0,120,0.0,46.0
0,1920,278.0,279,0.0,78.0
0,1921,193.0,192,0.0,62.0
0,1922,152.0,152,0.0,58.0
0,1923,100.0,100,0.0,48.0
0,1924,132.0,133,0.0,56.0
0,1925,100.0,99,0.0,54.0
0,1926,92.0,91,0.0,42.0
0,1927,142.0,142,0.0,56.0
0,1928,361.0,360,0.0,84.0
0,1929,142.0,143,0.0,60.0
0,1930,122.0,123,0.0,52.0
0,1931,51.0,50,0.0,46.0
0,1932,248.0,248,0.0,66.0
0,1933,105.0,104,0.0,44.0
0,1934,84.0,83,0.0,38.0
0,1935,58.0,59,0.0,34.0
0,1936,109.0,109,0.0,52.0
0,1937,205.0,205,0.0,64.0
0,1938,99.0,99,0.0,40.0
0,1939,125.0,125,0.0,48.0
0,1940,121.0,119,0.0,50.0
0,1941,181.0,180,0.0,60.0
0,1942,60.0,60,0.0,36.0
0,1943,130.0,131,0.0,50.0
0,1944,109.0,109,0.0,48.0
0,1945,113.0,112,0.0,52.0
0,1946,158.0,160,0.0,58.0
0,1947,163.0,163,0.0,58.0
0,1948,117.0,117,0.0,50.0
0,1949,88.0,88,0.0,46.0
0,1950,122.0,122,0.0,48.0
0,1951,146.0,146,0.0,60.0
0,1952,144.0,145,0.0,52.0
0,1953,115.0,114,0.0,52.0
0,1954,139.0,138,0.0,56.0
0,1955,152.0,153,0.0,64.0
0,1956,172.0,171,0.0,64.0
0,1957,119.0,120,0.0,54.0
0,1958,81.0,81,0.0,40.0
0,1959,151.0,151,0.0,64.0
0,1960,113.0,112,0.0,54.0
0,1961,62.0,63,0.0,38.0
0,1962,56.0,56,0.0,34.0
0,1963,154.0,153,0.0,56.0
0,1964,100.0,99,0.0,40.0
0,1965,94.0,93,0.0,40.0
0,1966,111.0,112,0.0,56.0
0,1967,117.0,117,0.0,52.0
0,1968,153.0,153,0.0,60.0
0,1969,120.0,121,0.0,54.0
0,1970,108.0,108,0.0,46.0
0,1971,75.0,75,0.0,42.0
0,1972,80.0,78,0.0,44.0
0,1973,49.0,49,0.0,28.0
0,1974,60.0,58,0.0,34.0
0,1975,66.0,68,0.0,38.0
0,1976,95.0,96,0.0,40.0
0,1977,122.0,121,0.0,56.0
0,1978,85.0,86,0.0,44.0
0,1979,123.0,123,0.0,66.0
0,1980,76.0,76,0.0,42.0
0,1981,125.0,123,0.0,50.0
0,1982,130.0,130,0.0,46.0
0,1983,118.0,118,0.0,48.0
0,1984,104.0,104,0.0,42.0
0,1985,117.0,117,0.0,48.0
0,1986,239.0,240,0.0,70.0
0,1987,84.0,85,0.0,44.0
0,1988,126.0,126,0.0,60.0
0,1989,96.0,97,0.0,48.0
0,1990,200.0,201,0.0,66.0
0,1991,85.0,84,0.0,46.0
0,1992,98.0,98,0.0,46.0
0,1993,64.0,65,0.0,36.0
0,1994,151.0,152,0.0,52.0
0,1995,90.0,90,0.0,46.0
0,1996,90.0,90,0.0,44.0
0,1997,168.0,168,0.0,60.0
0,1998,120.0,120,0.0,58.0
0,1999,300.0,301,0.0,76.0
0,2000,78.0,78,0.0,52.0
0,2001,156.0,156,0.0,58.0
0,2002,169.0,168,0.0,62.0
0,2003,159.0,158,0.0,62.0
0,2004,120.0,120,0.0,56.0
0,2005,101.0,101,0.0,50.0
0,2006,86.0,86,0.0,44.0
0,2007,164.0,165,0.0,60.0
0,2008,168.0,167,0.0,56.0
0,2009,116.0,116,0.0,50.0
0,2010,98.0,99,0.0,48.0
0,2011,147.0,149,0.0,56.0
0,2012,94.0,95,0.0,44.0
0,2013,109.0,109,0.0,52.0
0,2014,72.0,72,0.0,36.0
0,2015,152.0,153,0.0,54.0
0,2016,87.0,86,0.0,42.0
0,2017,141.0,142,0.0,52.0
0,2018,56.0,56,0.0,30.0
0,2019,168.0,167,0.0,60.0
0,2020,149.0,150,0.0,56.0
0,2021,102.0,102,0.0,42.0
0,2022,138.0,138,0.0,50.0
0,2023,108.0,108,0.0,50.0
0,2024,132.0,131,0.0,46.0
0,2025,100.0,100,0.0,54.0
0,2026,82.0,81,0.0,42.0
0,2027,150.0,151,0.0,60.0
0,2028,94.0,96,0.0,46.0
0,2029,139.0,139,0.0,52.0
0,2030,113.0,111,0.0,54.0
0,2031,100.0,99,0.0,44.0
0,2032,140.0,140,0.0,62.0
0,2033,97.0,98,0.0,48.0
0,2034,108.0,106,0.0,46.0
0,2035,105.0,105,0.0,46.0
0,2036,101.0,101,0.0,52.0
0,2037,160.0,159,0.0,54.0
0,2038,148.0,148,0.0,60.0
0,2039,120.0,120,0.0,44.0
0,2040,134.0,135,0.0,52.0
0,2041,87.0,87,0.0,42.0
0,2042,111.0,111,0.0,46.0
0,2043,156.0,157,0.0,54.0
0,2044,114.0,113,0.0,52.0
0,2045,85.0,85,0.0,60.0
0,2046,253.0,253,0.0,78.0
0,2047,206.0,207,0.0,70.0
0,2048,201.0,202,0.0,64.0
0,2049,65.0,66,0.0,52.0
0,2050,111.0,111,0.0,50.0
0,2051,92.0,91,0.0,42.0
0,2052,211.0,211,0.0,66.0
0,2053,77.0,78,0.0,52.0
0,2054,180.0,181,0.0,58.0
0,2055,138.0,137,0.0,56.0
0,2056,166.0,164,0.0,54.0
0,2057,162.0,164,0.0,60.0
0,2058,67.0,67,0.0,38.0
0,2059,92.0,92,0.0,54.0
0,2060,26.0,25,0.0,28.0
0,2061,150.0,151,0.0,54.0
0,2062,134.0,135,0.0,52.0
0,2063,175.0,175,0.0,66.0
0,2064,138.0,138,0.0,56.0
0,2065,76.0,78,0.0,40.0
0,2066,137.0,137,0.0,56.0
0,2067,122.0,122,0.0,52.0
0,2068,176.0,176,0.0,70.0
0,2069,103.0,104,0.0,44.0
0,2070,141.0,142,0.0,58.0
0,2071,59.0,59,0.0,44.0
0,2072,155.0,156,0.0,54.0
0,2073,93.0,92,0.0,40.0
0,2074,137.0,136,0.0,50.0
0,2075,72.0,70,0.0,38.0
0,2076,103.0,103,0.0,46.0
0,2077,91.0,90,0.0,42.0
0,2078,114.0,113,0.0,44.0
0,2079,149.0,149,0.0,52.0
0,2080,114.0,114,0.0,52.0
0,2081,163.0,163,0.0,58.0
0,2082,117.0,118,0.0,46.0
0,2083,74.0,73,0.0,36.0
0,2084,65.0,64,0.0,36.0
0,2085,112.0,111,0.0,54.0
0,2086,116.0,116,0.0,46.0
0,2087,125.0,123,0.0,54.0
0,2088,143.0,143,0.0,50.0
0,2089,143.0,143,0.0,48.0
0,2090,147.0,147,0.0,56.0
0,2091,188.0,188,0.0,60.0
0,2092,80.0,80,0.0,40.0
0,2093,109.0,110,0.0,46.0
0,2094,76.0,75,0.0,40.0
0,2095,131.0,130,0.0,56.0
0,2096,121.0,121,0.0,58.0
0,2097,95.0,94,0.0,46.0
0,2098,137.0,137,0.0,56.0
0,2099,100.0,99,0.0,48.0
0,2100,109.0,109,0.0,48.0
0,2101,127.0,127,0.0,56.0
0,2102,128.0,128,0.0,56.0
0,2103,163.0,163,0.0,64.0
0,2104,174.0,175,0.0,64.0
0,2105,84.0,84,0.0,46.0
0,2106,106.0,106,0.0,44.0
0,2107,104.0,105,0.0,44.0
0,2108,107.0,107,0.0,54.0
0,2109,168.0,169,0.0,60.0
0,2110,169.0,169,0.0,62.0
0,2111,131.0,131,0.0,52.0
0,2112,108.0,107,0.0,52.0
0,2113,145.0,145,0.0,54.0
0,2114,110.0,111,0.0,44.0
0,2115,61.0,61,0.0,36.0
0,2116,94.0,94,0.0,48.0
0,2117,132.0,134,0.0,54.0
0,2118,102.0,101,0.0,42.0
0,2119,140.0,140,0.0,54.0
0,2120,152.0,152,0.0,56.0
0,2121,163.0,165,0.0,64.0
0,2122,93.0,93,0.0,44.0
0,2123,113.0,114,0.0,48.0
0,2124,138.0,137,0.0,50.0
0,2125,159.0,159,0.0,58.0
0,2126,103.0,102,0.0,46.0
0,2127,141.0,140,0.0,54.0
0,2128,160.0,160,0.0,56.0
0,2129,105.0,105,0.0,46.0
0,2130,103.0,103,0.0,44.0
0,2131,140.0,141,0.0,62.0
0,2132,101.0,101,0.0,42.0
0,2133,122.0,122,0.0,52.0
0,2134,103.0,103,0.0,44.0
0,2135,111.0,110,0.0,46.0
0,2136,100.0,101,0.0,42.0
0,2137,90.0,89,0.0,44.0
0,2138,92.0,92,0.0,42.0
0,2139,153.0,154,0.0,60.0
0,2140,102.0,102,0.0,46.0
0,2141,94.0,93,0.0,42.0
0,2142,91.0,90,0.0,40.0
0,2143,145.0,146,0.0,56.0
0,2144,86.0,86,0.0,42.0
0,2145,113.0,113,0.0,52.0
0,2146,346.0,345,0.0,90.0
0,2147,140.0,140,0.0,52.0
0,2148,108.0,109,0.0,52.0
0,2149,111.0,111,0.0,50.0
0,2150,78.0,80,0.0,44.0
0,2151,91.0,93,0.0,44.0
0,2152,141.0,140,0.0,56.0
0,2153,92.0,94,0.0,40.0
0,2154,165.0,166,0.0,58.0
0,2155,88.0,88,0.0,44.0
0,2156,66.0,66,0.0,36.0
0,2157,81.0,81,0.0,50.0
0,2158,247.0,248,0.0,76.0
0,2159,121.0,122,0.0,56.0
0,2160,180.0,181,0.0,64.0
0,2161,176.0,175,0.0,64.0
0,2162,124.0,126,0.0,52.0
0,2163,80.0,81,0.0,44.0
0,2164,120.0,122,0.0,46.0
0,2165,93.0,94,0.0,42.0
0,2166,118.0,119,0.0,50.0
0,2167,137.0,137,0.0,50.0
0,2168,129.0,129,0.0,48.0
0,2169,96.0,95,0.0,48.0
0,2170,120.0,119,0.0,54.0
0,2171,76.0,76,0.0,48.0
0,2172,73.0,72,0.0,38.0
0,2173,60.0,60,0.0,36.0
0,2174,144.0,145,0.0,54.0
0,2175,147.0,148,0.0,52.0
0,2176,40.0,40,0.0,44.0
0,2177,113.0,114,0.0,54.0
0,2178,135.0,136,0.0,52.0
0,2179,138.0,139,0.0,52.0
0,2180,99.0,99,0.0,40.0
0,2181,108.0,108,0.0,46.0
0,2182,131.0,131,0.0,52.0
0,2183,188.0,190,0.0,62.0
0,2184,80.0,80,0.0,48.0
0,2185,95.0,96,0.0,48.0
0,2186,122.0,121,0.0,60.0
0,2187,155.0,155,0.0,60.0
0,2188,162.0,162,0.0,58.0
0,2189,185.0,186,0.0,60.0
0,2190,271.0,270,0.0,70.0
0,2191,55.0,54,0.0,34.0
0,2192,114.0,113,0.0,44.0
0,2193,112.0,111,0.0,44.0
0,2194,95.0,95,0.0,52.0
0,2195,284.0,285,0.0,76.0
0,2196,128.0,128,0.0,54.0
0,2197,77.0,76,0.0,38.0
0,2198,67.0,65,0.0,34.0
0,2199,92.0,92,0.0,50.0
0,2200,83.0,82,0.0,46.0
0,2201,165.0,164,0.0,58.0
0,2202,278.0,278,0.0,78.0
0,2203,108.0,109,0.0,50.0
0,2204,125.0,125,0.0,54.0
0,2205,132.0,133,0.0,58.0
0,2206,144.0,143,0.0,54.0
0,2207,174.0,174,0.0,62.0
0,2208,90.0,90,0.0,44.0
0,2209,119.0,119,0.0,50.0
0,2210,109.0,107,0.0,52.0
0,2211,116.0,117,0.0,48.0
0,2212,109.0,108,0.0,46.0
0,2213,134.0,134,0.0,54.0
0,2214,256.0,256,0.0,72.0
0,2215,68.0,68,0.0,36.0
0,2216,75.0,76,0.0,40.0
0,2217,128.0,127,0.0,46.0
0,2218,162.0,162,0.0,58.0
0,2219,96.0,98,0.0,46.0
0,2220,94.0,95,0.0,42.0
0,2221,146.0,148,0.0,52.0
0,2222,79.0,78,0.0,46.0
0,2223,87.0,88,0.0,44.0
0,2224,204.0,204,0.0,66.0
0,2225,121.0,121,0.0,54.0
0,2226,136.0,135,0.0,54.0
0,2227,90.0,90,0.0,40.0
0,2228,123.0,124,0.0,52.0
0,2229,75.0,74,0.0,40.0
0,2230,108.0,107,0.0,52.0
0,2231,166.0,166,0.0,58.0
0,2232,121.0,122,0.0,50.0
0,2233,104.0,104,0.0,46.0
0,2234,244.0,245,0.0,70.0
0,2235,83.0,83,0.0,44.0
0,2236,111.0,112,0.0,44.0
0,2237,129.0,129,0.0,52.0
0,2238,80.0,80,0.0,46.0
0,2239,83.0,82,0.0,40.0
0,2240,152.0,151,0.0,56.0
0,2241,133.0,134,0.0,54.0
0,2242,70.0,69,0.0,40.0
0,2243,128.0,125,0.0,50.0
0,2244,112.0,111,0.0,50.0
0,2245,144.0,144,0.0,58.0
0,2246,79.0,79,0.0,46.0
0,2247,126.0,126,0.0,60.0
0,2248,114.0,114,0.0,48.0
0,2249,155.0,156,0.0,58.0
0,2250,212.0,212,0.0,64.0
0,2251,80.0,79,0.0,42.0
0,2252,80.0,80,0.0,42.0
0,2253,266.0,267,0.0,72.0
0,2254,180.0,179,0.0,62.0
0,2255,65.0,64,0.0,42.0
0,2256,148.0,148,0.0,56.0
0,2257,177.0,178,0.0,56.0
0,2258,127.0,127,0.0,54.0
0,2259,130.0,131,0.0,52.0
0,2260,127.0,126,0.0,50.0
0,2261,189.0,190,0.0,64.0
0,2262,138.0,137,0.0,60.0
0,2263,117.0,116,0.0,48.0
0,2264,77.0,75,0.0,36.0
0,2265,124.0,125,0.0,50.0
0,2266,75.0,76,0.0,36.0
0,2267,172.0,172,0.0,68.0
0,2268,92.0,92,0.0,48.0
0,2269,125.0,124,0.0,52.0
0,2270,129.0,131,0.0,54.0
0,2271,121.0,123,0.0,52.0
0,2272,98.0,98,0.0,48.0
0,2273,144.0,143,0.0,60.0
0,2274,114.0,113,0.0,52.0
0,2275,68.0,69,0.0,40.0
0,2276,143.0,142,0.0,50.0
0,2277,206.0,208,0.0,72.0
0,2278,232.0,233,0.0,66.0
0,2279,178.0,177,0.0,56.0
0,2280,106.0,108,0.0,46.0
0,2281,163.0,164,0.0,58.0
0,2282,76.0,77,0.0,50.0
0,2283,242.0,242,0.0,70.0
0,2284,114.0,114,0.0,46.0
0,2285,108.0,108,0.0,46.0
0,2286,94.0,94,0.0,50.0
0,2287,86.0,84,0.0,42.0
0,2288,118.0,119,0.0,50.0
0,2289,168.0,167,0.0,56.0
0,2290,96.0,96,0.0,48.0
0,2291,129.0,127,0.0,58.0
0,2292,59.0,59,0.0,32.0
0,2293,96.0,96,0.0,48.0
0,2294,124.0,125,0.0,50.0
0,2295,148.0,148,0.0,60.0
0,2296,74.0,74,0.0,36.0
0,2297,107.0,107,0.0,48.0
0,2298,92.0,91,0.0,46.0
0,2299,116.0,116,0.0,54.0
0,2300,148.0,148,0.0,58.0
0,2301,173.0,172,0.0,62.0
0,2302,153.0,154,0.0,54.0
0,2303,112.0,112,0.0,46.0
0,2304,96.0,97,0.0,48.0
0,2305,83.0,82,0.0,42.0
0,2306,79.0,79,0.0,42.0
0,2307,88.0,87,0.0,38.0
0,2308,113.0,113,0.0,48.0
0,2309,243.0,243,0.0,72.0
0,2310,108.0,108,0.0,46.0
0,2311,178.0,178,0.0,66.0
0,2312,78.0,78,0.0,40.0
0,2313,112.0,111,0.0,54.0
0,2314,72.0,72,0.0,44.0
0,2315,88.0,90,0.0,52.0
0,2316,47.0,47,0.0,34.0
0,2317,147.0,147,0.0,56.0
0,2318,90.0,90,0.0,42.0
0,2319,179.0,180,0.0,62.0
0,2320,164.0,165,0.0,60.0
0,2321,75.0,76,0.0,46.0
0,2322,132.0,131,0.0,48.0
0,2323,99.0,99,0.0,42.0
0,2324,135.0,134,0.0,52.0
0,2325,142.0,142,0.0,52.0
0,2326,84.0,83,0.0,42.0
0,2327,144.0,143,0.0,52.0
0,2328,105.0,106,0.0,48.0
0,2329,78.0,78,0.0,44.0
0,2330,104.0,104,0.0,48.0
0,2331,202.0,203,0.0,66.0
0,2332,115.0,116,0.0,46.0
0,2333,122.0,121,0.0,52.0
0,2334,144.0,144,0.0,58.0
0,2335,158.0,159,0.0,62.0
0,2336,276.0,276,0.0,80.0
0,2337,75.0,75,0.0,40.0
0,2338,103.0,103,0.0,48.0
0,2339,123.0,122,0.0,46.0
0,2340,70.0,71,0.0,40.0
0,2341,103.0,103,0.0,52.0
0,2342,117.0,117,0.0,46.0
0,2343,289.0,290,0.0,80.0
0,2344,132.0,131,0.0,54.0
0,2345,60.0,60,0.0,34.0
0,2346,100.0,100,0.0,48.0
0,2347,132.0,130,0.0,54.0
0,2348,106.0,107,0.0,50.0
0,2349,66.0,66,0.0,36.0
0,2350,94.0,95,0.0,44.0
0,2351,183.0,182,0.0,60.0
0,2352,112.0,113,0.0,48.0
0,2353,104.0,104,0.0,48.0
0,2354,115.0,114,0.0,46.0
0,2355,187.0,186,0.0,62.0
0,2356,100.0,99,0.0,46.0
0,2357,70.0,69,0.0,38.0
0,2358,30.0,29,0.0,32.0
0,2359,100.0,101,0.0,44.0
0,2360,104.0,103,0.0,46.0
0,2361,126.0,127,0.0,50.0
0,2362,172.0,172,0.0,58.0
0,2363,118.0,118,0.0,54.0
0,2364,128.0,128,0.0,54.0
0,2365,109.0,109,0.0,46.0
0,2366,114.0,113,0.0,54.0
0,2367,88.0,87,0.0,46.0
0,2368,130.0,130,0.0,52.0
0,2369,160.0,159,0.0,64.0
0,2370,294.0,295,0.0,78.0
0,2371,78.0,77,0.0,38.0
0,2372,67.0,67,0.0,38.0
0,2373,195.0,195,0.0,60.0
0,2374,110.0,111,0.0,50.0
0,2375,98.0,99,0.0,46.0
0,2376,81.0,80,0.0,48.0
0,2377,91.0,90,0.0,44.0
0,2378,87.0,87,0.0,48.0
0,2379,101.0,100,0.0,48.0
0,2380,113.0,113,0.0,44.0
0,2381,94.0,94,0.0,50.0
0,2382,260.0,259,0.0,82.0
0,2383,63.0,63,0.0,42.0
0,2384,34.0,32,0.0,26.0
0,2385,101.0,101,0.0,56.0
0,2386,125.0,125,0.0,54.0
0,2387,72.0,71,0.0,42.0
0,2388,120.0,120,0.0,48.0
0,2389,90.0,91,0.0,42.0
0,2390,197.0,197,0.0,66.0
0,2391,62.0,61,0.0,36.0
0,2392,120.0,119,0.0,52.0
0,2393,137.0,137,0.0,58.0
0,2394,133.0,131,0.0,56.0
0,2395,70.0,70,0.0,42.0
0,2396,173.0,173,0.0,62.0
0,2397,153.0,154,0.0,58.0
0,2398,186.0,186,0.0,62.0
0,2399,117.0,116,0.0,46.0
0,2400,95.0,95,0.0,46.0
0,2401,113.0,113,0.0,50.0
0,2402,123.0,123,0.0,50.0
0,2403,437.0,437,0.0,94.0
0,2404,111.0,111,0.0,48.0
0,2405,67.0,68,0.0,38.0
0,2406,135.0,136,0.0,54.0
0,2407,96.0,95,0.0,42.0
0,2408,120.0,120,0.0,52.0
0,2409,176.0,176,0.0,58.0
0,2410,143.0,144,0.0,58.0
0,2411,93.0,93,0.0,50.0
0,2412,92.0,92,0.0,52.0
0,2413,181.0,182,0.0,58.0
0,2414,124.0,123,0.0,52.0
0,2415,166.0,166,0.0,60.0
0,2416,117.0,118,0.0,52.0
0,2417,185.0,184,0.0,60.0
0,2418,109.0,109,0.0,46.0
0,2419,85.0,83,0.0,42.0
0,2420,117.0,117,0.0,50.0
0,2421,74.0,74,0.0,44.0
0,2422,72.0,73,0.0,36.0
0,2423,134.0,135,0.0,50.0
0,2424,55.0,56,0.0,38.0
0,2425,149.0,149,0.0,54.0
0,2426,127.0,127,0.0,50.0
0,2427,89.0,88,0.0,40.0
0,2428,137.0,136,0.0,50.0
0,2429,110.0,110,0.0,48.0
0,2430,30.0,31,0.0,24.0
0,2431,113.0,112,0.0,52.0
0,2432,84.0,83,0.0,38.0
0,2433,120.0,119,0.0,44.0
0,2434,147.0,145,0.0,56.0
0,2435,129.0,130,0.0,54.0
0,2436,68.0,68,0.0,36.0
0,2437,140.0,141,0.0,58.0
0,2438,182.0,181,0.0,62.0
0,2439,119.0,119,0.0,54.0
0,2440,48.0,49,0.0,34.0
0,2441,60.0,61,0.0,34.0
0,2442,128.0,128,0.0,50.0
0,2443,111.0,111,0.0,52.0
0,2444,92.0,92,0.0,48.0
0,2445,143.0,144,0.0,60.0
0,2446,49.0,50,0.0,34.0
0,2447,60.0,60,0.0,34.0
0,2448,103.0,104,0.0,46.0
0,2449,130.0,130,0.0,52.0
0,2450,149.0,150,0.0,62.0
0,2451,211.0,210,0.0,66.0
0,2452,81.0,81,0.0,40.0
0,2453,107.0,108,0.0,50.0
0,2454,156.0,157,0.0,58.0
0,2455,127.0,125,0.0,56.0
0,2456,215.0,215,0.0,66.0
0,2457,145.0,146,0.0,58.0
0,2458,170.0,170,0.0,60.0
0,2459,127.0,126,0.0,58.0
0,2460,107.0,107,0.0,46.0
0,2461,116.0,117,0.0,50.0
0,2462,298.0,298,0.0,86.0
0,2463,57.0,56,0.0,36.0
0,2464,90.0,90,0.0,44.0
0,2465,139.0,140,0.0,52.0
0,2466,93.0,93,0.0,48.0
0,2467,162.0,163,0.0,56.0
0,2468,140.0,141,0.0,52.0
0,2469,94.0,93,0.0,44.0
0,2470,136.0,136,0.0,50.0
0,2471,115.0,115,0.0,46.0
0,2472,49.0,48,0.0,40.0
0,2473,144.0,144,0.0,50.0
0,2474,145.0,144,0.0,64.0
0,2475,99.0,99,0.0,52.0
0,2476,199.0,198,0.0,66.0
0,2477,120.0,120,0.0,48.0
0,2478,162.0,161,0.0,56.0
0,2479,135.0,135,0.0,52.0
0,2480,121.0,121,0.0,52.0
0,2481,117.0,118,0.0,46.0
0,2482,125.0,127,0.0,50.0
0,2483,144.0,144,0.0,56.0
0,2484,75.0,73,0.0,38.0
0,2485,121.0,121,0.0,54.0
0,2486,114.0,114,0.0,50.0
0,2487,112.0,112,0.0,46.0
0,2488,105.0,106,0.0,48.0
0,2489,157.0,157,0.0,60.0
0,2490,156.0,156,0.0,66.0
0,2491,88.0,87,0.0,44.0
0,2492,84.0,85,0.0,44.0
0,2493,114.0,113,0.0,52.0
0,2494,251.0,251,0.0,74.0
0,2495,105.0,107,0.0,54.0
0,2496,99.0,99,0.0,46.0
0,2497,94.0,95,0.0,44.0
0,2498,264.0,264,0.0,76.0
0,2499,128.0,127,0.0,52.0
0,2500,124.0,125,0.0,52.0
0,2501,92.0,93,0.0,44.0
0,2502,146.0,147,0.0,54.0
0,2503,111.0,112,0.0,52.0
0,2504,112.0,111,0.0,54.0
0,2505,94.0,95,0.0,48.0
0,2506,64.0,65,0.0,42.0
0,2507,132.0,133,0.0,54.0
0,2508,78.0,78,0.0,48.0
0,2509,114.0,113,0.0,44.0
0,2510,156.0,157,0.0,54.0
0,2511,97.0,96,0.0,46.0
0,2512,156.0,155,0.0,60.0
0,2513,49.0,48,0.0,28.0
0,2514,143.0,143,0.0,54.0
0,2515,131.0,132,0.0,48.0
0,2516,128.0,126,0.0,48.0
0,2517,156.0,157,0.0,56.0
0,2518,293.0,293,0.0,82.0
0,2519,145.0,145,0.0,58.0
0,2520,112.0,112,0.0,46.0
0,2521,118.0,118,0.0,54.0
0,2522,87.0,88,0.0,40.0
0,2523,78.0,78,0.0,58.0
0,2524,90.0,89,0.0,42.0
0,2525,179.0,179,0.0,64.0
0,2526,104.0,104,0.0,52.0
0,2527,128.0,128,0.0,52.0
0,2528,313.0,313,0.0,82.0
0,2529,129.0,130,0.0,50.0
0,2530,132.0,132,0.0,46.0
0,2531,114.0,114,0.0,46.0
0,2532,94.0,95,0.0,42.0
0,2533,120.0,120,0.0,46.0
0,2534,120.0,120,0.0,46.0
0,2535,91.0,92,0.0,46.0
0,2536,126.0,127,0.0,58.0
0,2537,86.0,85,0.0,44.0
0,2538,239.0,238,0.0,68.0
0,2539,147.0,147,0.0,58.0
0,2540,144.0,146,0.0,56.0
0,2541,179.0,179,0.0,58.0
0,2542,199.0,198,0.0,70.0
0,2543,118.0,119,0.0,58.0
0,2544,132.0,133,0.0,50.0
0,2545,120.0,120,0.0,56.0
0,2546,168.0,167,0.0,58.0
0,2547,69.0,69,0.0,36.0
0,2548,309.0,309,0.0,82.0
0,2549,72.0,71,0.0,48.0
0,2550,129.0,129,0.0,52.0
0,2551,147.0,147,0.0,56.0
0,2552,108.0,107,0.0,50.0
0,2553,139.0,138,0.0,58.0
0,2554,110.0,110,0.0,56.0
0,2555,328.0,328,0.0,88.0
0,2556,84.0,83,0.0,40.0
0,2557,256.0,256,0.0,70.0
0,2558,193.0,191,0.0,58.0
0,2559,68.0,68,0.0,38.0
0,2560,156.0,156,0.0,60.0
0,2561,100.0,100,0.0,44.0
0,2562,152.0,150,0.0,52.0
0,2563,91.0,89,0.0,40.0
0,2564,184.0,184,0.0,70.0
0,2565,324.0,324,0.0,84.0
0,2566,187.0,186,0.0,58.0
0,2567,187.0,188,0.0,64.0
0,2568,125.0,124,0.0,54.0
0,2569,78.0,78,0.0,44.0
0,2570,136.0,137,0.0,54.0
0,2571,111.0,111,0.0,46.0
0,2572,94.0,94,0.0,52.0
0,2573,126.0,126,0.0,48.0
0,2574,131.0,131,0.0,50.0
0,2575,100.0,100,0.0,46.0
0,2576,117.0,117,0.0,46.0
0,2577,178.0,180,0.0,62.0
0,2578,138.0,138,0.0,56.0
0,2579,146.0,146,0.0,54.0
0,2580,164.0,165,0.0,58.0
0,2581,87.0,87,0.0,44.0
0,2582,40.0,39,0.0,28.0
0,2583,82.0,82,0.0,40.0
0,2584,107.0,106,0.0,50.0
0,2585,131.0,131,0.0,52.0
0,2586,92.0,92,0.0,46.0
0,2587,105.0,103,0.0,46.0
0,2588,226.0,226,0.0,68.0
0,2589,77.0,78,0.0,38.0
0,2590,107.0,107,0.0,52.0
0,2591,139.0,138,0.0,54.0
0,2592,99.0,100,0.0,50.0
0,2593,150.0,149,0.0,54.0
0,2594,157.0,157,0.0,62.0
0,2595,99.0,99,0.0,42.0
0,2596,122.0,121,0.0,50.0
0,2597,194.0,195,0.0,58.0
0,2598,133.0,135,0.0,58.0
0,2599,74.0,73,0.0,40.0
0,2600,81.0,81,0.0,38.0
0,2601,72.0,72,0.0,42.0
0,2602,109.0,108,0.0,52.0
0,2603,130.0,130,0.0,62.0
0,2604,81.0,81,0.0,40.0
0,2605,1.0,1,0.0,4.0
0,2606,112.0,113,0.0,50.0
0,2607,145.0,144,0.0,54.0
0,2608,122.0,123,0.0,48.0
0,2609,104.0,104,0.0,50.0
0,2610,60.0,59,0.0,36.0
0,2611,124.0,125,0.0,52.0
0,2612,150.0,151,0.0,56.0
0,2613,146.0,146,0.0,54.0
0,2614,61.0,62,0.0,36.0
0,2615,89.0,89,0.0,48.0
0,2616,98.0,99,0.0,52.0
0,2617,140.0,141,0.0,50.0
0,2618,137.0,136,0.0,54.0
0,2619,126.0,127,0.0,52.0
0,2620,121.0,121,0.0,56.0
0,2621,183.0,184,0.0,62.0
0,2622,126.0,126,0.0,48.0
0,2623,60.0,62,0.0,38.0
0,2624,119.0,117,0.0,54.0
0,2625,115.0,116,0.0,50.0
0,2626,87.0,87,0.0,52.0
0,2627,139.0,140,0.0,52.0
0,2628,109.0,111,0.0,48.0
0,2629,143.0,143,0.0,54.0
0,2630,136.0,135,0.0,56.0
0,2631,91.0,91,0.0,42.0
0,2632,137.0,138,0.0,54.0
0,2633,167.0,167,0.0,60.0
0,2634,88.0,88,0.0,50.0
0,2635,138.0,138,0.0,56.0
0,2636,112.0,112,0.0,48.0
0,2637,126.0,125,0.0,56.0
0,2638,124.0,124,0.0,56.0
0,2639,138.0,137,0.0,56.0
0,2640,150.0,149,0.0,56.0
0,2641,62.0,61,0.0,34.0
0,2642,98.0,97,0.0,44.0
0,2643,207.0,207,0.0,72.0
0,2644,148.0,148,0.0,54.0
0,2645,109.0,108,0.0,46.0
0,2646,114.0,113,0.0,48.0
0,2647,144.0,146,0.0,52.0
0,2648,123.0,122,0.0,50.0
0,2649,52.0,53,0.0,32.0
0,2650,226.0,226,0.0,68.0
0,2651,93.0,94,0.0,44.0
0,2652,126.0,125,0.0,54.0
0,2653,103.0,104,0.0,46.0
0,2654,94.0,91,0.0,40.0
0,2655,110.0,110,0.0,46.0
0,2656,115.0,115,0.0,56.0
0,2657,148.0,150,0.0,56.0
0,2658,140.0,141,0.0,54.0
0,2659,86.0,86,0.0,44.0
0,2660,134.0,135,0.0,54.0
0,2661,163.0,161,0.0,60.0
0,2662,71.0,71,0.0,38.0
0,2663,154.0,155,0.0,56.0
0,2664,108.0,108,0.0,46.0
0,2665,95.0,94,0.0,40.0
0,2666,170.0,169,0.0,60.0
0,2667,173.0,174,0.0,74.0
0,2668,47.0,47,0.0,36.0
0,2669,195.0,194,0.0,66.0
0,2670,110.0,110,0.0,50.0
0,2671,101.0,101,0.0,46.0
0,2672,133.0,133,0.0,56.0
0,2673,155.0,156,0.0,60.0
0,2674,83.0,83,0.0,44.0
0,2675,92.0,91,0.0,42.0
0,2676,137.0,137,0.0,56.0
0,2677,88.0,89,0.0,46.0
0,2678,126.0,126,0.0,52.0
0,2679,96.0,95,0.0,46.0
0,2680,153.0,152,0.0,56.0
0,2681,167.0,168,0.0,56.0
0,2682,112.0,111,0.0,48.0
0,2683,115.0,115,0.0,50.0
0,2684,112.0,111,0.0,58.0
0,2685,95.0,95,0.0,42.0
0,2686,139.0,139,0.0,60.0
0,2687,80.0,80,0.0,40.0
0,2688,90.0,90,0.0,42.0
0,2689,169.0,169,0.0,64.0
0,2690,149.0,149,0.0,52.0
0,2691,144.0,143,0.0,50.0
0,2692,138.0,138,0.0,50.0
0,2693,58.0,59,0.0,38.0
0,2694,145.0,146,0.0,60.0
0,2695,88.0,88,0.0,40.0
0,2696,95.0,96,0.0,40.0
0,2697,86.0,87,0.0,42.0
0,2698,46.0,43,0.0,36.0
0,2699,136.0,137,0.0,50.0
0,2700,107.0,106,0.0,52.0
0,2701,82.0,82,0.0,46.0
0,2702,181.0,180,0.0,62.0
0,2703,103.0,103,0.0,46.0
0,2704,106.0,107,0.0,52.0
0,2705,68.0,68,0.0,40.0
0,2706,97.0,98,0.0,46.0
0,2707,135.0,134,0.0,56.0
0,2708,59.0,61,0.0,36.0
0,2709,105.0,103,0.0,46.0
0,2710,86.0,86,0.0,46.0
0,2711,130.0,128,0.0,50.0
0,2712,173.0,172,0.0,68.0
0,2713,123.0,123,0.0,46.0
0,2714,112.0,111,0.0,48.0
0,2715,79.0,78,0.0,40.0
0,2716,127.0,129,0.0,46.0
0,2717,469.0,470,0.0,104.0
0,2718,92.0,92,0.0,44.0
0,2719,155.0,156,0.0,60.0
0,2720,59.0,59,0.0,36.0
0,2721,138.0,138,0.0,50.0
0,2722,142.0,142,0.0,60.0
0,2723,289.0,289,0.0,76.0
0,2724,67.0,67,0.0,40.0
0,2725,169.0,169,0.0,54.0
0,2726,104.0,105,0.0,48.0
0,2727,100.0,100,0.0,48.0
0,2728,100.0,99,0.0,52.0
0,2729,148.0,149,0.0,56.0
0,2730,162.0,163,0.0,66.0
0,2731,109.0,109,0.0,48.0
0,2732,100.0,100,0.0,46.0
0,2733,109.0,110,0.0,46.0
0,2734,106.0,105,0.0,52.0
0,2735,111.0,110,0.0,44.0
0,2736,137.0,136,0.0,54.0
0,2737,50.0,49,0.0,34.0
0,2738,58.0,59,0.0,40.0
0,2739,131.0,131,0.0,54.0
0,2740,88.0,89,0.0,42.0
0,2741,201.0,200,0.0,62.0
0,2742,130.0,130,0.0,54.0
0,2743,310.0,311,0.0,84.0
0,2744,60.0,58,0.0,40.0
0,2745,304.0,304,0.0,76.0
0,2746,132.0,133,0.0,54.0
0,2747,170.0,169,0.0,58.0
0,2748,129.0,129,0.0,50.0
0,2749,54.0,54,0.0,38.0
0,2750,179.0,179,0.0,66.0
0,2751,170.0,169,0.0,58.0
0,2752,263.0,264,0.0,72.0
0,2753,300.0,301,0.0,80.0
0,2754,116.0,115,0.0,52.0
0,2755,61.0,59,0.0,34.0
0,2756,78.0,77,0.0,40.0
0,2757,110.0,110,0.0,60.0
0,2758,151.0,150,0.0,54.0
0,2759,151.0,151,0.0,52.0
0,2760,137.0,137,0.0,52.0
0,2761,84.0,82,0.0,42.0
0,2762,186.0,186,0.0,60.0
0,2763,146.0,146,0.0,56.0
0,2764,144.0,143,0.0,52.0
0,2765,90.0,90,0.0,42.0
0,2766,149.0,150,0.0,62.0
0,2767,98.0,97,0.0,48.0
0,2768,152.0,152,0.0,54.0
0,2769,121.0,121,0.0,54.0
0,2770,180.0,181,0.0,60.0
0,2771,280.0,282,0.0,78.0
0,2772,110.0,110,0.0,52.0
0,2773,178.0,178,0.0,60.0
0,2774,127.0,127,0.0,54.0
0,2775,150.0,149,0.0,62.0
0,2776,110.0,110,0.0,44.0
0,2777,152.0,151,0.0,54.0
0,2778,78.0,80,0.0,44.0
0,2779,86.0,86,0.0,44.0
0,2780,106.0,107,0.0,48.0
0,2781,146.0,145,0.0,56.0
0,2782,169.0,169,0.0,60.0
0,2783,164.0,164,0.0,56.0
0,2784,72.0,72,0.0,38.0
0,2785,84.0,84,0.0,48.0
0,2786,100.0,100,0.0,48.0
0,2787,84.0,86,0.0,46.0
0,2788,84.0,84,0.0,42.0
0,2789,109.0,110,0.0,58.0
0,2790,96.0,96,0.0,42.0
0,2791,154.0,155,0.0,56.0
0,2792,135.0,135,0.0,52.0
0,2793,378.0,378,0.0,92.0
0,2794,204.0,204,0.0,66.0
0,2795,83.0,81,0.0,40.0
0,2796,117.0,116,0.0,44.0
0,2797,167.0,167,0.0,56.0
0,2798,135.0,135,0.0,56.0
0,2799,89.0,90,0.0,48.0
0,2800,152.0,152,0.0,56.0
0,2801,150.0,150,0.0,52.0
0,2802,168.0,168,0.0,54.0
0,2803,99.0,98,0.0,44.0
0,2804,99.0,98,0.0,54.0
0,2805,148.0,149,0.0,60.0
0,2806,96.0,97,0.0,48.0
0,2807,166.0,166,0.0,60.0
0,2808,199.0,198,0.0,62.0
0,2809,150.0,150,0.0,54.0
0,2810,75.0,75,0.0,42.0
0,2811,137.0,139,0.0,52.0
0,2812,112.0,114,0.0,56.0
0,2813,125.0,124,0.0,52.0
0,2814,107.0,108,0.0,52.0
0,2815,183.0,183,0.0,60.0
0,2816,122.0,122,0.0,48.0
0,2817,311.0,311,0.0,82.0
0,2818,205.0,205,0.0,70.0
0,2819,132.0,132,0.0,48.0
0,2820,108.0,108,0.0,46.0
0,2821,145.0,144,0.0,56.0
0,2822,134.0,134,0.0,50.0
0,2823,143.0,145,0.0,62.0
0,2824,174.0,176,0.0,66.0
0,2825,141.0,142,0.0,52.0
0,2826,60.0,59,0.0,32.0
0,2827,83.0,85,0.0,42.0
0,2828,118.0,118,0.0,46.0
0,2829,207.0,207,0.0,66.0
0,2830,139.0,140,0.0,52.0
0,2831,112.0,114,0.0,48.0
0,2832,102.0,102,0.0,46.0
0,2833,66.0,65,0.0,34.0
0,2834,215.0,215,0.0,66.0
0,2835,137.0,138,0.0,50.0
0,2836,95.0,95,0.0,42.0
0,2837,132.0,132,0.0,54.0
0,2838,72.0,71,0.0,34.0
0,2839,76.0,76,0.0,42.0
0,2840,81.0,80,0.0,46.0
0,2841,78.0,77,0.0,38.0
0,2842,198.0,198,0.0,64.0
0,2843,132.0,132,0.0,50.0
0,2844,148.0,148,0.0,58.0
0,2845,189.0,189,0.0,64.0
0,2846,132.0,132,0.0,52.0
0,2847,185.0,184,0.0,58.0
0,2848,114.0,115,0.0,46.0
0,2849,124.0,124,0.0,54.0
0,2850,105.0,103,0.0,44.0
0,2851,121.0,120,0.0,58.0
0,2852,105.0,105,0.0,46.0
0,2853,161.0,161,0.0,56.0
0,2854,125.0,124,0.0,52.0
0,2855,162.0,162,0.0,56.0
0,2856,207.0,208,0.0,66.0
0,2857,79.0,79,0.0,42.0
0,2858,131.0,130,0.0,48.0
0,2859,171.0,170,0.0,60.0
0,2860,99.0,100,0.0,46.0
0,2861,164.0,164,0.0,62.0
0,2862,180.0,181,0.0,62.0
0,2863,319.0,318,0.0,82.0
0,2864,185.0,184,0.0,62.0
0,2865,103.0,103,0.0,62.0
0,2866,109.0,108,0.0,52.0
0,2867,138.0,138,0.0,52.0
0,2868,64.0,64,0.0,32.0
0,2869,320.0,322,0.0,86.0
0,2870,165.0,165,0.0,60.0
0,2871,128.0,128,0.0,50.0
0,2872,119.0,120,0.0,50.0
0,2873,198.0,198,0.0,66.0
0,2874,98.0,98,0.0,44.0
0,2875,152.0,153,0.0,54.0
0,2876,92.0,93,0.0,46.0
0,2877,74.0,74,0.0,46.0
0,2878,120.0,119,0.0,48.0
0,2879,96.0,95,0.0,42.0
0,2880,89.0,88,0.0,40.0
0,2881,122.0,123,0.0,50.0
0,2882,106.0,106,0.0,54.0
0,2883,83.0,83,0.0,42.0
0,2884,76.0,76,0.0,42.0
0,2885,268.0,267,0.0,72.0
0,2886,133.0,132,0.0,52.0
0,2887,75.0,74,0.0,38.0
0,2888,150.0,149,0.0,60.0
0,2889,164.0,165,0.0,64.0
0,2890,98.0,98,0.0,52.0
0,2891,165.0,166,0.0,60.0
0,2892,104.0,103,0.0,50.0
0,2893,126.0,126,0.0,50.0
0,2894,58.0,57,0.0,36.0
0,2895,142.0,142,0.0,58.0
0,2896,126.0,126,0.0,48.0
0,2897,118.0,118,0.0,48.0
0,2898,101.0,103,0.0,46.0
0,2899,174.0,173,0.0,70.0
0,2900,89.0,90,0.0,40.0
0,2901,71.0,71,0.0,38.0
0,2902,96.0,96,0.0,50.0
0,2903,93.0,93,0.0,50.0
0,2904,118.0,118,0.0,56.0
0,2905,249.0,248,0.0,76.0
0,2906,129.0,127,0.0,56.0
0,2907,108.0,107,0.0,48.0
0,2908,177.0,177,0.0,60.0
0,2909,271.0,271,0.0,88.0
0,2910,90.0,90,0.0,50.0
0,2911,120.0,119,0.0,54.0
0,2912,114.0,115,0.0,60.0
0,2913,183.0,184,0.0,70.0
0,2914,115.0,116,0.0,50.0
0,2915,124.0,125,0.0,52.0
0,2916,113.0,115,0.0,48.0
0,2917,151.0,153,0.0,62.0
0,2918,132.0,133,0.0,56.0
0,2919,90.0,87,0.0,46.0
0,2920,195.0,195,0.0,66.0
0,2921,170.0,171,0.0,62.0
0,2922,115.0,116,0.0,54.0
0,2923,117.0,118,0.0,46.0
0,2924,83.0,83,0.0,42.0
0,2925,142.0,142,0.0,56.0
0,2926,315.0,316,0.0,84.0
0,2927,199.0,198,0.0,62.0
0,2928,109.0,108,0.0,52.0
0,2929,96.0,95,0.0,52.0
0,2930,58.0,58,0.0,34.0
0,2931,146.0,146,0.0,56.0
0,2932,45.0,44,0.0,28.0
0,2933,57.0,57,0.0,34.0
0,2934,55.0,55,0.0,34.0
0,2935,184.0,185,0.0,66.0
0,2936,315.0,315,0.0,80.0
0,2937,245.0,245,0.0,72.0
0,2938,234.0,234,0.0,66.0
0,2939,66.0,65,0.0,34.0
0,2940,162.0,161,0.0,60.0
0,2941,107.0,108,0.0,48.0
0,2942,95.0,96,0.0,42.0
0,2943,132.0,133,0.0,58.0
0,2944,159.0,159,0.0,56.0
0,2945,72.0,72,0.0,42.0
0,2946,102.0,100,0.0,44.0
0,2947,144.0,145,0.0,60.0
0,2948,153.0,154,0.0,60.0
0,2949,170.0,170,0.0,60.0
0,2950,226.0,227,0.0,78.0
0,2951,151.0,151,0.0,58.0
0,2952,24.0,23,0.0,22.0
0,2953,37.0,36,0.0,28.0
0,2954,143.0,143,0.0,50.0
0,2955,121.0,122,0.0,48.0
0,2956,100.0,100,0.0,48.0
0,2957,212.0,213,0.0,68.0
0,2958,153.0,153,0.0,58.0
0,2959,72.0,72,0.0,38.0
0,2960,172.0,172,0.0,60.0
0,2961,172.0,175,0.0,66.0
0,2962,204.0,203,0.0,66.0
0,2963,102.0,100,0.0,48.0
0,2964,44.0,44,0.0,36.0
0,2965,72.0,70,0.0,38.0
0,2966,125.0,125,0.0,46.0
0,2967,90.0,89,0.0,42.0
0,2968,262.0,263,0.0,74.0
0,2969,121.0,121,0.0,46.0
0,2970,133.0,132,0.0,56.0
0,2971,93.0,92,0.0,44.0
0,2972,23.0,20,0.0,30.0
0,2973,102.0,102,0.0,44.0
0,2974,90.0,89,0.0,46.0
0,2975,172.0,170,0.0,56.0
0,2976,306.0,307,0.0,80.0
0,2977,183.0,184,0.0,64.0
0,2978,101.0,100,0.0,46.0
0,2979,323.0,322,0.0,92.0
0,2980,127.0,127,0.0,46.0
0,2981,123.0,123,0.0,50.0
0,2982,72.0,71,0.0,36.0
0,2983,143.0,143,0.0,56.0
0,2984,76.0,76,0.0,38.0
0,2985,150.0,151,0.0,56.0
0,2986,118.0,119,0.0,54.0
0,2987,159.0,161,0.0,58.0
0,2988,84.0,86,0.0,42.0
0,2989,86.0,86,0.0,44.0
0,2990,105.0,105,0.0,46.0
0,2991,107.0,108,0.0,52.0
0,2992,339.0,339,0.0,82.0
0,2993,143.0,143,0.0,62.0
0,2994,141.0,141,0.0,60.0
0,2995,127.0,127,0.0,48.0
0,2996,182.0,183,0.0,62.0
0,2997,104.0,105,0.0,50.0
0,2998,179.0,180,0.0,66.0
0,2999,126.0,126,0.0,50.0
0,3000,109.0,109,0.0,46.0
0,3001,123.0,122,0.0,52.0
0,3002,112.0,113,0.0,50.0
0,3003,172.0,172,0.0,58.0
0,3004,61.0,60,0.0,34.0
0,3005,68.0,67,0.0,42.0
0,3006,108.0,107,0.0,44.0
0,3007,102.0,102,0.0,48.0
0,3008,213.0,214,0.0,74.0
0,3009,142.0,142,0.0,54.0
0,3010,110.0,109,0.0,46.0
0,3011,94.0,94,0.0,40.0
0,3012,156.0,157,0.0,56.0
0,3013,243.0,243,0.0,70.0
0,3014,160.0,161,0.0,62.0
0,3015,132.0,132,0.0,52.0
0,3016,132.0,131,0.0,50.0
0,3017,136.0,135,0.0,48.0
0,3018,148.0,147,0.0,52.0
0,3019,174.0,174,0.0,60.0
0,3020,109.0,108,0.0,50.0
0,3021,104.0,104,0.0,42.0
0,3022,95.0,96,0.0,48.0
0,3023,156.0,157,0.0,56.0
0,3024,82.0,82,0.0,40.0
0,3025,184.0,184,0.0,62.0
0,3026,285.0,287,0.0,74.0
0,3027,125.0,123,0.0,52.0
0,3028,144.0,145,0.0,56.0
0,3029,115.0,115,0.0,50.0
0,3030,99.0,99,0.0,40.0
0,3031,88.0,89,0.0,44.0
0,3032,50.0,51,0.0,38.0
0,3033,117.0,116,0.0,52.0
0,3034,45.0,45,0.0,28.0
0,3035,88.0,88,0.0,38.0
0,3036,120.0,121,0.0,52.0
0,3037,66.0,65,0.0,38.0
0,3038,78.0,77,0.0,40.0
0,3039,131.0,131,0.0,52.0
0,3040,157.0,157,0.0,60.0
0,3041,111.0,111,0.0,46.0
0,3042,120.0,122,0.0,56.0
0,3043,122.0,123,0.0,50.0
0,3044,106.0,108,0.0,50.0
0,3045,65.0,65,0.0,36.0
0,3046,148.0,148,0.0,52.0
0,3047,111.0,111,0.0,46.0
0,3048,156.0,156,0.0,58.0
0,3049,131.0,130,0.0,58.0
0,3050,146.0,147,0.0,62.0
0,3051,100.0,102,0.0,52.0
0,3052,133.0,133,0.0,62.0
0,3053,98.0,98,0.0,50.0
0,3054,85.0,85,0.0,44.0
0,3055,103.0,103,0.0,52.0
0,3056,93.0,93,0.0,40.0
0,3057,86.0,86,0.0,40.0
0,3058,146.0,145,0.0,54.0
0,3059,262.0,263,0.0,66.0
0,3060,142.0,142,0.0,56.0
0,3061,108.0,107,0.0,48.0
0,3062,76.0,75,0.0,38.0
0,3063,118.0,118,0.0,54.0
0,3064,91.0,90,0.0,40.0
0,3065,128.0,128,0.0,48.0
0,3066,66.0,67,0.0,40.0
0,3067,106.0,105,0.0,50.0
0,3068,91.0,91,0.0,48.0
0,3069,114.0,115,0.0,52.0
0,3070,271.0,272,0.0,78.0
0,3071,100.0,100,0.0,52.0
0,3072,114.0,114,0.0,54.0
0,3073,80.0,80,0.0,42.0
0,3074,56.0,56,0.0,30.0
0,3075,96.0,95,0.0,44.0
0,3076,124.0,123,0.0,52.0
0,3077,78.0,78,0.0,40.0
0,3078,88.0,88,0.0,44.0
0,3079,156.0,156,0.0,62.0
0,3080,103.0,102,0.0,52.0
0,3081,151.0,152,0.0,62.0
0,3082,155.0,155,0.0,58.0
0,3083,125.0,124,0.0,50.0
0,3084,181.0,181,0.0,60.0
0,3085,90.0,89,0.0,48.0
0,3086,128.0,128,0.0,56.0
0,3087,94.0,95,0.0,44.0
0,3088,64.0,64,0.0,40.0
0,3089,98.0,97,0.0,44.0
0,3090,120.0,119,0.0,56.0
0,3091,120.0,121,0.0,50.0
0,3092,316.0,317,0.0,80.0
0,3093,70.0,70,0.0,42.0
0,3094,131.0,130,0.0,56.0
0,3095,98.0,98,0.0,48.0
0,3096,201.0,201,0.0,82.0
0,3097,119.0,120,0.0,48.0
0,3098,83.0,82,0.0,44.0
0,3099,96.0,98,0.0,52.0
0,3100,206.0,206,0.0,66.0
0,3101,200.0,201,0.0,72.0
0,3102,68.0,68,0.0,38.0
0,3103,139.0,140,0.0,60.0
0,3104,74.0,74,0.0,38.0
0,3105,119.0,119,0.0,50.0
0,3106,66.0,65,0.0,42.0
0,3107,66.0,66,0.0,48.0
0,3108,126.0,126,0.0,52.0
0,3109,62.0,62,0.0,40.0
0,3110,130.0,130,0.0,60.0
0,3111,62.0,62,0.0,40.0
0,3112,131.0,130,0.0,58.0
0,3113,126.0,126,0.0,50.0
0,3114,73.0,73,0.0,40.0
0,3115,80.0,80,0.0,40.0
0,3116,105.0,106,0.0,44.0
0,3117,75.0,74,0.0,44.0
0,3118,149.0,150,0.0,60.0
0,3119,279.0,279,0.0,76.0
0,3120,73.0,73,0.0,36.0
0,3121,76.0,75,0.0,38.0
0,3122,116.0,116,0.0,60.0
0,3123,106.0,107,0.0,52.0
0,3124,108.0,110,0.0,52.0
0,3125,112.0,111,0.0,46.0
0,3126,97.0,96,0.0,48.0
0,3127,130.0,129,0.0,52.0
0,3128,105.0,104,0.0,46.0
0,3129,91.0,90,0.0,40.0
0,3130,128.0,127,0.0,50.0
0,3131,97.0,96,0.0,46.0
0,3132,104.0,102,0.0,44.0
0,3133,147.0,147,0.0,52.0
0,3134,120.0,120,0.0,54.0
0,3135,65.0,64,0.0,38.0
0,3136,159.0,159,0.0,56.0
0,3137,102.0,102,0.0,42.0
0,3138,104.0,103,0.0,50.0
0,3139,123.0,124,0.0,52.0
0,3140,102.0,102,0.0,56.0
0,3141,113.0,112,0.0,48.0
0,3142,124.0,122,0.0,54.0
0,3143,176.0,176,0.0,62.0
0,3144,80.0,81,0.0,48.0
0,3145,116.0,116,0.0,48.0
0,3146,158.0,158,0.0,56.0
0,3147,131.0,131,0.0,50.0
0,3148,72.0,72,0.0,44.0
0,3149,111.0,112,0.0,50.0
0,3150,136.0,135,0.0,60.0
0,3151,104.0,105,0.0,46.0
0,3152,131.0,132,0.0,56.0
0,3153,131.0,132,0.0,58.0
0,3154,94.0,95,0.0,46.0
0,3155,124.0,122,0.0,56.0
0,3156,113.0,114,0.0,50.0
0,3157,76.0,76,0.0,42.0
0,3158,168.0,169,0.0,60.0
0,3159,111.0,110,0.0,44.0
0,3160,142.0,141,0.0,54.0
0,3161,134.0,135,0.0,52.0
0,3162,104.0,103,0.0,42.0
0,3163,117.0,117,0.0,54.0
0,3164,218.0,220,0.0,66.0
0,3165,92.0,93,0.0,44.0
0,3166,106.0,107,0.0,48.0
0,3167,126.0,127,0.0,50.0
0,3168,152.0,153,0.0,52.0
0,3169,74.0,74,0.0,50.0
0,3170,102.0,102,0.0,48.0
0,3171,181.0,182,0.0,62.0
0,3172,137.0,137,0.0,54.0
0,3173,160.0,160,0.0,56.0
0,3174,115.0,117,0.0,50.0
0,3175,85.0,85,0.0,44.0
0,3176,94.0,93,0.0,42.0
0,3177,112.0,112,0.0,48.0
0,3178,84.0,86,0.0,42.0
0,3179,263.0,263,0.0,76.0
0,3180,140.0,139,0.0,64.0
0,3181,129.0,129,0.0,50.0
0,3182,126.0,126,0.0,52.0
0,3183,77.0,77,0.0,38.0
0,3184,99.0,100,0.0,48.0
0,3185,164.0,163,0.0,60.0
0,3186,123.0,123,0.0,52.0
0,3187,133.0,133,0.0,50.0
0,3188,82.0,82,0.0,44.0
0,3189,95.0,96,0.0,50.0
0,3190,94.0,95,0.0,52.0
0,3191,171.0,171,0.0,60.0
0,3192,177.0,178,0.0,72.0
0,3193,77.0,77,0.0,40.0
0,3194,68.0,67,0.0,40.0
0,3195,158.0,158,0.0,54.0
0,3196,118.0,117,0.0,50.0
0,3197,85.0,85,0.0,42.0
0,3198,48.0,49,0.0,34.0
0,3199,123.0,123,0.0,48.0
0,3200,68.0,68,0.0,38.0
0,3201,109.0,110,0.0,50.0
0,3202,153.0,153,0.0,58.0
0,3203,124.0,123,0.0,54.0
0,3204,94.0,93,0.0,52.0
0,3205,76.0,77,0.0,42.0
0,3206,118.0,116,0.0,52.0
0,3207,154.0,153,0.0,56.0
0,3208,140.0,139,0.0,50.0
0,3209,98.0,97,0.0,46.0
0,3210,60.0,59,0.0,34.0
0,3211,101.0,101,0.0,44.0
0,3212,181.0,182,0.0,62.0
0,3213,108.0,109,0.0,52.0
0,3214,114.0,115,0.0,58.0
0,3215,153.0,153,0.0,58.0
0,3216,182.0,182,0.0,66.0
0,3217,156.0,156,0.0,56.0
0,3218,156.0,157,0.0,62.0
0,3219,132.0,132,0.0,50.0
0,3220,138.0,138,0.0,54.0
0,3221,151.0,150,0.0,58.0
0,3222,126.0,126,0.0,52.0
0,3223,93.0,93,0.0,46.0
0,3224,141.0,142,0.0,58.0
0,3225,94.0,94,0.0,44.0
0,3226,126.0,126,0.0,48.0
0,3227,102.0,102,0.0,44.0
0,3228,394.0,395,0.0,88.0
0,3229,415.0,416,0.0,90.0
0,3230,93.0,92,0.0,42.0
0,3231,154.0,156,0.0,56.0
0,3232,110.0,110,0.0,54.0
0,3233,98.0,99,0.0,42.0
0,3234,163.0,162,0.0,66.0
0,3235,110.0,111,0.0,48.0
0,3236,140.0,138,0.0,50.0
0,3237,102.0,102,0.0,48.0
0,3238,168.0,168,0.0,54.0
0,3239,120.0,119,0.0,54.0
0,3240,94.0,94,0.0,48.0
0,3241,173.0,172,0.0,62.0
0,3242,66.0,65,0.0,40.0
0,3243,158.0,158,0.0,54.0
0,3244,222.0,223,0.0,62.0
0,3245,131.0,132,0.0,52.0
0,3246,119.0,120,0.0,52.0
0,3247,68.0,69,0.0,42.0
0,3248,97.0,97,0.0,52.0
0,3249,138.0,139,0.0,52.0
0,3250,166.0,168,0.0,56.0
0,3251,103.0,104,0.0,54.0
0,3252,132.0,132,0.0,60.0
0,3253,131.0,130,0.0,52.0
0,3254,150.0,151,0.0,62.0
0,3255,72.0,72,0.0,38.0
0,3256,150.0,149,0.0,58.0
0,3257,99.0,100,0.0,52.0
0,3258,148.0,147,0.0,54.0
0,3259,106.0,106,0.0,48.0
0,3260,111.0,110,0.0,50.0
0,3261,87.0,87,0.0,42.0
0,3262,91.0,92,0.0,48.0
0,3263,180.0,181,0.0,62.0
0,3264,128.0,129,0.0,54.0
0,3265,172.0,172,0.0,66.0
0,3266,115.0,115,0.0,52.0
0,3267,153.0,152,0.0,54.0
0,3268,154.0,154,0.0,60.0
0,3269,58.0,56,0.0,34.0
0,3270,123.0,123,0.0,50.0
0,3271,110.0,110,0.0,48.0
0,3272,238.0,236,0.0,64.0
0,3273,106.0,107,0.0,46.0
0,3274,95.0,95,0.0,40.0
0,3275,103.0,102,0.0,46.0
0,3276,127.0,128,0.0,56.0
0,3277,100.0,99,0.0,46.0
0,3278,137.0,137,0.0,48.0
0,3279,78.0,77,0.0,42.0
0,3280,167.0,168,0.0,58.0
0,3281,163.0,163,0.0,60.0
0,3282,257.0,257,0.0,74.0
0,3283,140.0,139,0.0,52.0
0,3284,120.0,120,0.0,46.0
0,3285,140.0,141,0.0,54.0
0,3286,99.0,100,0.0,48.0
0,3287,91.0,91,0.0,46.0
0,3288,92.0,94,0.0,44.0
0,3289,119.0,119,0.0,48.0
0,3290,108.0,108,0.0,48.0
0,3291,78.0,78,0.0,42.0
0,3292,119.0,119,0.0,50.0
0,3293,83.0,83,0.0,52.0
0,3294,71.0,71,0.0,38.0
0,3295,145.0,143,0.0,54.0
0,3296,140.0,140,0.0,50.0
0,3297,115.0,115,0.0,44.0
0,3298,72.0,72,0.0,40.0
0,3299,119.0,118,0.0,52.0
0,3300,140.0,139,0.0,52.0
0,3301,123.0,123,0.0,48.0
0,3302,188.0,189,0.0,60.0
0,3303,116.0,116,0.0,60.0
0,3304,169.0,169,0.0,60.0
0,3305,45.0,46,0.0,30.0
0,3306,59.0,58,0.0,38.0
0,3307,139.0,138,0.0,58.0
0,3308,94.0,94,0.0,50.0
0,3309,133.0,133,0.0,50.0
0,3310,152.0,151,0.0,52.0
0,3311,99.0,99,0.0,42.0
0,3312,157.0,157,0.0,64.0
0,3313,95.0,95,0.0,46.0
0,3314,415.0,415,0.0,96.0
0,3315,124.0,124,0.0,52.0
0,3316,144.0,144,0.0,56.0
0,3317,70.0,70,0.0,38.0
0,3318,132.0,133,0.0,58.0
0,3319,160.0,160,0.0,56.0
0,3320,131.0,131,0.0,48.0
0,3321,179.0,178,0.0,66.0
0,3322,176.0,176,0.0,60.0
0,3323,163.0,163,0.0,52.0
0,3324,97.0,96,0.0,44.0
0,3325,131.0,132,0.0,54.0
0,3326,136.0,137,0.0,50.0
0,3327,136.0,137,0.0,52.0
0,3328,137.0,136,0.0,50.0
0,3329,147.0,146,0.0,56.0
0,3330,96.0,95,0.0,44.0
0,3331,146.0,147,0.0,54.0
0,3332,133.0,134,0.0,52.0
0,3333,124.0,123,0.0,46.0
0,3334,158.0,157,0.0,62.0
0,3335,273.0,273,0.0,78.0
0,3336,184.0,183,0.0,60.0
0,3337,102.0,102,0.0,44.0
0,3338,88.0,88,0.0,44.0
0,3339,228.0,228,0.0,64.0
0,3340,132.0,132,0.0,54.0
0,3341,121.0,121,0.0,48.0
0,3342,74.0,75,0.0,46.0
0,3343,180.0,179,0.0,60.0
0,3344,150.0,150,0.0,60.0
0,3345,162.0,162,0.0,62.0
0,3346,165.0,166,0.0,60.0
0,3347,95.0,93,0.0,44.0
0,3348,136.0,136,0.0,54.0
0,3349,172.0,172,0.0,58.0
0,3350,156.0,156,0.0,60.0
0,3351,73.0,73,0.0,40.0
0,3352,109.0,110,0.0,50.0
0,3353,190.0,191,0.0,64.0
0,3354,70.0,70,0.0,38.0
0,3355,110.0,109,0.0,46.0
0,3356,97.0,97,0.0,46.0
0,3357,99.0,100,0.0,46.0
0,3358,124.0,123,0.0,46.0
0,3359,286.0,286,0.0,74.0
0,3360,124.0,123,0.0,50.0
0,3361,146.0,147,0.0,54.0
0,3362,102.0,101,0.0,46.0
0,3363,98.0,99,0.0,44.0
0,3364,78.0,79,0.0,40.0
0,3365,115.0,116,0.0,46.0
0,3366,133.0,133,0.0,56.0
0,3367,129.0,129,0.0,54.0
0,3368,116.0,117,0.0,48.0
0,3369,171.0,173,0.0,60.0
0,3370,1.0,1,0.0,4.0
0,3371,133.0,134,0.0,56.0
0,3372,132.0,132,0.0,54.0
0,3373,188.0,187,0.0,62.0
0,3374,149.0,149,0.0,58.0
0,3375,84.0,83,0.0,42.0
0,3376,108.0,107,0.0,48.0
0,3377,113.0,114,0.0,46.0
0,3378,158.0,159,0.0,56.0
0,3379,126.0,126,0.0,48.0
0,3380,102.0,102,0.0,46.0
0,3381,144.0,143,0.0,52.0
0,3382,61.0,60,0.0,50.0
0,3383,100.0,100,0.0,46.0
0,3384,118.0,119,0.0,56.0
0,3385,71.0,69,0.0,36.0
0,3386,114.0,115,0.0,52.0
0,3387,82.0,83,0.0,40.0
0,3388,146.0,148,0.0,52.0
0,3389,192.0,191,0.0,58.0
0,3390,157.0,156,0.0,52.0
0,3391,180.0,179,0.0,56.0
0,3392,140.0,140,0.0,62.0
0,3393,156.0,156,0.0,52.0
0,3394,214.0,213,0.0,62.0
0,3395,100.0,98,0.0,46.0
0,3396,85.0,84,0.0,46.0
0,3397,132.0,131,0.0,46.0
0,3398,144.0,143,0.0,48.0
0,3399,171.0,170,0.0,62.0
0,3400,216.0,215,0.0,66.0
0,3401,138.0,138,0.0,58.0
0,3402,143.0,143,0.0,50.0
0,3403,82.0,83,0.0,40.0
0,3404,144.0,144,0.0,50.0
0,3405,132.0,131,0.0,46.0
0,3406,156.0,155,0.0,52.0
0,3407,109.0,110,0.0,50.0
0,3408,169.0,169,0.0,58.0
0,3409,169.0,170,0.0,54.0
0,3410,195.0,195,0.0,58.0
0,3411,132.0,131,0.0,48.0
0,3412,182.0,183,0.0,60.0
0,3413,121.0,121,0.0,44.0
0,3414,176.0,177,0.0,56.0
0,3415,101.0,101,0.0,42.0
0,3416,182.0,182,0.0,58.0
0,3417,132.0,131,0.0,48.0
0,3418,154.0,153,0.0,52.0
0,3419,99.0,99,0.0,42.0
0,3420,80.0,81,0.0,38.0
0,3421,144.0,143,0.0,50.0
0,3422,132.0,132,0.0,46.0
0,3423,160.0,160,0.0,56.0
0,3424,84.0,83,0.0,40.0
0,3425,84.0,83,0.0,38.0
0,3426,2756.0,2756,0.0,2752.0
